TXN-1000,2025-04-13,PROD-002,Cooking Oil 5L,Groceries,STR-KUM-02,Kumasi,Abena Boateng,4,0.15,640,96,544,480,64
TXN-1001,2026-03-12,PROD-003,"Smart TV 43""",Electronics,STR-KUM-02,Kumasi,Abena Boateng,8,0,25600,0,25600,20000,5600
TXN-1002,2025-12-15,PROD-002,Cooking Oil 5L,Groceries,STR-TAM-03,Tamale,Baba Iddrisu,1,0.25,160,40,120,120,0
TXN-1003,2025-09-28,PROD-003,"Smart TV 43""",Electronics,STR-KUM-02,Kumasi,Abena Boateng,6,0.25,19200,4800,14400,15000,-600
TXN-1004,2025-04-17,PROD-005,Organic Tomatoes,Fresh Produce,STR-KUM-02,Kumasi,Abena Boateng,1,0.25,25,6.25,18.75,15,3.75
TXN-1005,2025-03-13,PROD-004,Electric Kettle,Electronics,STR-KUM-02,Kumasi,Abena Boateng,1,0,220,0,220,150,70
TXN-1006,2025-07-08,PROD-005,Organic Tomatoes,Fresh Produce,STR-ACC-01,Accra,Kwame Mensah,8,0.15,200,30,170,120,50
TXN-1007,2025-01-21,PROD-006,Area Rug,Home Decor,STR-ACC-01,Accra,Kwame Mensah,11,0.05,8250,412.5,7837.5,4950,2887.5
TXN-1008,2025-04-13,PROD-002,Cooking Oil 5L,Groceries,STR-TAM-03,Tamale,Baba Iddrisu,4,0.25,640,160,480,480,0
TXN-1009,2025-05-02,PROD-006,Area Rug,Home Decor,STR-TAM-03,Tamale,Baba Iddrisu,1,0.1,750,75,675,450,225
TXN-1010,2025-08-03,PROD-004,Electric Kettle,Electronics,STR-ACC-01,Accra,Kwame Mensah,10,0.15,2200,330,1870,1500,370
TXN-1011,2025-11-27,PROD-003,"Smart TV 43""",Electronics,STR-TAM-03,Tamale,Baba Iddrisu,7,0.05,22400,1120,21280,17500,3780
TXN-1012,2025-03-29,PROD-004,Electric Kettle,Electronics,STR-ACC-01,Accra,Kwame Mensah,5,0.05,1100,55,1045,750,295
TXN-1013,2026-01-08,PROD-001,Basmati Rice 5kg,Groceries,STR-KUM-02,Kumasi,Abena Boateng,5,0,550,0,550,425,125
TXN-1014,2025-04-10,PROD-004,Electric Kettle,Electronics,STR-KUM-02,Kumasi,Abena Boateng,1,0.15,220,33,187,150,37
TXN-1015,2025-12-26,PROD-001,Basmati Rice 5kg,Groceries,STR-TAM-03,Tamale,Baba Iddrisu,10,0.05,1100,55,1045,850,195
TXN-1016,2025-06-01,PROD-004,Electric Kettle,Electronics,STR-ACC-01,Accra,Kwame Mensah,11,0.05,2420,121,2299,1650,649
TXN-1017,2025-05-11,PROD-001,Basmati Rice 5kg,Groceries,STR-ACC-01,Accra,Kwame Mensah,6,0.15,660,99,561,510,51
TXN-1018,2025-05-30,PROD-002,Cooking Oil 5L,Groceries,STR-TAM-03,Tamale,Baba Iddrisu,9,0.05,1440,72,1368,1080,288
TXN-1019,2025-11-05,PROD-006,Area Rug,Home Decor,STR-ACC-01,Accra,Kwame Mensah,9,0,6750,0,6750,4050,2700
TXN-1020,2025-09-15,PROD-006,Area Rug,Home Decor,STR-KUM-02,Kumasi,Abena Boateng,8,0.05,6000,300,5700,3600,2100
TXN-1021,2025-12-10,PROD-005,Organic Tomatoes,Fresh Produce,STR-TAM-03,Tamale,Baba Iddrisu,5,0.05,125,6.25,118.75,75,43.75
TXN-1022,2026-02-18,PROD-006,Area Rug,Home Decor,STR-TAM-03,Tamale,Baba Iddrisu,1,0.05,750,37.5,712.5,450,262.5
TXN-1023,2025-10-21,PROD-003,"Smart TV 43""",Electronics,STR-ACC-01,Accra,Kwame Mensah,9,0,28800,0,28800,22500,6300
TXN-1024,2026-01-21,PROD-004,Electric Kettle,Electronics,STR-TAM-03,Tamale,Baba Iddrisu,1,0,220,0,220,150,70
TXN-1025,2025-07-11,PROD-005,Organic Tomatoes,Fresh Produce,STR-ACC-01,Accra,Kwame Mensah,8,0,200,0,200,120,80
TXN-1026,2026-03-20,PROD-003,"Smart TV 43""",Electronics,STR-ACC-01,Accra,Kwame Mensah,5,0.1,16000,1600,14400,12500,1900
TXN-1027,2025-10-04,PROD-003,"Smart TV 43""",Electronics,STR-ACC-01,Accra,Kwame Mensah,3,0,9600,0,9600,7500,2100
TXN-1028,2025-06-10,PROD-001,Basmati Rice 5kg,Groceries,STR-ACC-01,Accra,Kwame Mensah,11,0.05,1210,60.5,1149.5,935,214.5
TXN-1029,2025-11-10,PROD-006,Area Rug,Home Decor,STR-ACC-01,Accra,Kwame Mensah,7,0.25,5250,1312.5,3937.5,3150,787.5
TXN-1030,2025-01-22,PROD-002,Cooking Oil 5L,Groceries,STR-TAM-03,Tamale,Baba Iddrisu,7,0,1120,0,1120,840,280
TXN-1031,2025-09-10,PROD-002,Cooking Oil 5L,Groceries,STR-KUM-02,Kumasi,Abena Boateng,9,0.05,1440,72,1368,1080,288
TXN-1032,2025-08-24,PROD-005,Organic Tomatoes,Fresh Produce,STR-KUM-02,Kumasi,Abena Boateng,7,0.15,175,26.25,148.75,105,43.75
TXN-1033,2025-12-11,PROD-002,Cooking Oil 5L,Groceries,STR-TAM-03,Tamale,Baba Iddrisu,11,0.25,1760,440,1320,1320,0
TXN-1034,2025-02-18,PROD-004,Electric Kettle,Electronics,STR-TAM-03,Tamale,Baba Iddrisu,3,0.1,660,66,594,450,144
TXN-1035,2025-02-28,PROD-002,Cooking Oil 5L,Groceries,STR-KUM-02,Kumasi,Abena Boateng,11,0.1,1760,176,1584,1320,264
TXN-1036,2025-06-19,PROD-005,Organic Tomatoes,Fresh Produce,STR-KUM-02,Kumasi,Abena Boateng,1,0.15,25,3.75,21.25,15,6.25
TXN-1037,2025-07-07,PROD-002,Cooking Oil 5L,Groceries,STR-KUM-02,Kumasi,Abena Boateng,8,0.05,1280,64,1216,960,256
TXN-1038,2025-09-28,PROD-004,Electric Kettle,Electronics,STR-KUM-02,Kumasi,Abena Boateng,3,0.15,660,99,561,450,111
TXN-1039,2025-07-09,PROD-001,Basmati Rice 5kg,Groceries,STR-KUM-02,Kumasi,Abena Boateng,8,0,880,0,880,680,200
TXN-1040,2026-03-22,PROD-005,Organic Tomatoes,Fresh Produce,STR-ACC-01,Accra,Kwame Mensah,8,0.25,200,50,150,120,30
TXN-1041,2025-06-24,PROD-001,Basmati Rice 5kg,Groceries,STR-TAM-03,Tamale,Baba Iddrisu,5,0.05,550,27.5,522.5,425,97.5
TXN-1042,2026-03-22,PROD-001,Basmati Rice 5kg,Groceries,STR-ACC-01,Accra,Kwame Mensah,1,0.05,110,5.5,104.5,85,19.5
TXN-1043,2025-02-20,PROD-001,Basmati Rice 5kg,Groceries,STR-KUM-02,Kumasi,Abena Boateng,10,0,1100,0,1100,850,250
TXN-1044,2025-12-30,PROD-003,"Smart TV 43""",Electronics,STR-KUM-02,Kumasi,Abena Boateng,7,0.1,22400,2240,20160,17500,2660
TXN-1045,2025-02-24,PROD-006,Area Rug,Home Decor,STR-KUM-02,Kumasi,Abena Boateng,10,0,7500,0,7500,4500,3000
TXN-1046,2025-09-01,PROD-003,"Smart TV 43""",Electronics,STR-ACC-01,Accra,Kwame Mensah,5,0.25,16000,4000,12000,12500,-500
TXN-1047,2025-11-16,PROD-006,Area Rug,Home Decor,STR-ACC-01,Accra,Kwame Mensah,8,0.15,6000,900,5100,3600,1500
TXN-1048,2025-05-11,PROD-001,Basmati Rice 5kg,Groceries,STR-KUM-02,Kumasi,Abena Boateng,9,0,990,0,990,765,225
TXN-1049,2025-11-03,PROD-005,Organic Tomatoes,Fresh Produce,STR-ACC-01,Accra,Kwame Mensah,11,0.15,275,41.25,233.75,165,68.75
TXN-1050,2025-05-15,PROD-006,Area Rug,Home Decor,STR-ACC-01,Accra,Kwame Mensah,7,0.15,5250,787.5,4462.5,3150,1312.5
TXN-1051,2025-01-21,PROD-004,Electric Kettle,Electronics,STR-KUM-02,Kumasi,Abena Boateng,7,0.1,1540,154,1386,1050,336
TXN-1052,2025-11-25,PROD-004,Electric Kettle,Electronics,STR-ACC-01,Accra,Kwame Mensah,1,0,220,0,220,150,70
TXN-1053,2025-06-16,PROD-002,Cooking Oil 5L,Groceries,STR-TAM-03,Tamale,Baba Iddrisu,4,0,640,0,640,480,160
TXN-1054,2025-10-01,PROD-006,Area Rug,Home Decor,STR-TAM-03,Tamale,Baba Iddrisu,2,0,1500,0,1500,900,600
TXN-1055,2026-01-23,PROD-005,Organic Tomatoes,Fresh Produce,STR-TAM-03,Tamale,Baba Iddrisu,2,0,50,0,50,30,20
TXN-1056,2025-03-30,PROD-003,"Smart TV 43""",Electronics,STR-TAM-03,Tamale,Baba Iddrisu,2,0.25,6400,1600,4800,5000,-200
TXN-1057,2025-11-12,PROD-001,Basmati Rice 5kg,Groceries,STR-KUM-02,Kumasi,Abena Boateng,4,0,440,0,440,340,100
TXN-1058,2025-01-14,PROD-002,Cooking Oil 5L,Groceries,STR-KUM-02,Kumasi,Abena Boateng,1,0.15,160,24,136,120,16
TXN-1059,2025-08-30,PROD-004,Electric Kettle,Electronics,STR-KUM-02,Kumasi,Abena Boateng,4,0,880,0,880,600,280
TXN-1060,2025-09-22,PROD-003,"Smart TV 43""",Electronics,STR-TAM-03,Tamale,Baba Iddrisu,2,0.05,6400,320,6080,5000,1080
TXN-1061,2025-12-12,PROD-003,"Smart TV 43""",Electronics,STR-TAM-03,Tamale,Baba Iddrisu,5,0.15,16000,2400,13600,12500,1100
TXN-1062,2025-02-22,PROD-001,Basmati Rice 5kg,Groceries,STR-ACC-01,Accra,Kwame Mensah,3,0.25,330,82.5,247.5,255,-7.5
TXN-1063,2026-01-21,PROD-006,Area Rug,Home Decor,STR-ACC-01,Accra,Kwame Mensah,8,0,6000,0,6000,3600,2400
TXN-1064,2025-12-06,PROD-004,Electric Kettle,Electronics,STR-TAM-03,Tamale,Baba Iddrisu,4,0.05,880,44,836,600,236
TXN-1065,2025-04-02,PROD-005,Organic Tomatoes,Fresh Produce,STR-TAM-03,Tamale,Baba Iddrisu,1,0.05,25,1.25,23.75,15,8.75
TXN-1066,2026-01-02,PROD-003,"Smart TV 43""",Electronics,STR-TAM-03,Tamale,Baba Iddrisu,1,0,3200,0,3200,2500,700
TXN-1067,2026-03-20,PROD-001,Basmati Rice 5kg,Groceries,STR-TAM-03,Tamale,Baba Iddrisu,10,0,1100,0,1100,850,250
TXN-1068,2026-03-04,PROD-005,Organic Tomatoes,Fresh Produce,STR-ACC-01,Accra,Kwame Mensah,3,0.05,75,3.75,71.25,45,26.25
TXN-1069,2025-09-21,PROD-006,Area Rug,Home Decor,STR-TAM-03,Tamale,Baba Iddrisu,9,0.05,6750,337.5,6412.5,4050,2362.5
TXN-1070,2026-03-07,PROD-004,Electric Kettle,Electronics,STR-ACC-01,Accra,Kwame Mensah,7,0.1,1540,154,1386,1050,336
TXN-1071,2025-02-04,PROD-006,Area Rug,Home Decor,STR-TAM-03,Tamale,Baba Iddrisu,2,0,1500,0,1500,900,600
TXN-1072,2025-07-25,PROD-003,"Smart TV 43""",Electronics,STR-TAM-03,Tamale,Baba Iddrisu,9,0.05,28800,1440,27360,22500,4860
TXN-1073,2025-03-22,PROD-005,Organic Tomatoes,Fresh Produce,STR-TAM-03,Tamale,Baba Iddrisu,10,0.05,250,12.5,237.5,150,87.5
TXN-1074,2026-02-24,PROD-005,Organic Tomatoes,Fresh Produce,STR-ACC-01,Accra,Kwame Mensah,2,0.1,50,5,45,30,15
TXN-1075,2025-02-19,PROD-005,Organic Tomatoes,Fresh Produce,STR-ACC-01,Accra,Kwame Mensah,3,0.25,75,18.75,56.25,45,11.25
TXN-1076,2025-12-26,PROD-003,"Smart TV 43""",Electronics,STR-KUM-02,Kumasi,Abena Boateng,11,0.05,35200,1760,33440,27500,5940
TXN-1077,2026-01-23,PROD-003,"Smart TV 43""",Electronics,STR-TAM-03,Tamale,Baba Iddrisu,10,0.15,32000,4800,27200,25000,2200
TXN-1078,2025-01-02,PROD-006,Area Rug,Home Decor,STR-KUM-02,Kumasi,Abena Boateng,2,0,1500,0,1500,900,600
TXN-1079,2026-01-25,PROD-002,Cooking Oil 5L,Groceries,STR-KUM-02,Kumasi,Abena Boateng,3,0.05,480,24,456,360,96
TXN-1080,2025-02-23,PROD-006,Area Rug,Home Decor,STR-ACC-01,Accra,Kwame Mensah,6,0,4500,0,4500,2700,1800
TXN-1081,2025-04-16,PROD-004,Electric Kettle,Electronics,STR-ACC-01,Accra,Kwame Mensah,9,0.05,1980,99,1881,1350,531
TXN-1082,2025-09-17,PROD-001,Basmati Rice 5kg,Groceries,STR-KUM-02,Kumasi,Abena Boateng,9,0.1,990,99,891,765,126
TXN-1083,2025-11-06,PROD-005,Organic Tomatoes,Fresh Produce,STR-TAM-03,Tamale,Baba Iddrisu,7,0.25,175,43.75,131.25,105,26.25
TXN-1084,2025-07-10,PROD-002,Cooking Oil 5L,Groceries,STR-ACC-01,Accra,Kwame Mensah,3,0,480,0,480,360,120
TXN-1085,2026-02-06,PROD-001,Basmati Rice 5kg,Groceries,STR-TAM-03,Tamale,Baba Iddrisu,4,0.1,440,44,396,340,56
TXN-1086,2025-08-06,PROD-002,Cooking Oil 5L,Groceries,STR-TAM-03,Tamale,Baba Iddrisu,6,0.05,960,48,912,720,192
TXN-1087,2025-02-13,PROD-006,Area Rug,Home Decor,STR-KUM-02,Kumasi,Abena Boateng,11,0,8250,0,8250,4950,3300
TXN-1088,2025-06-11,PROD-003,"Smart TV 43""",Electronics,STR-KUM-02,Kumasi,Abena Boateng,5,0,16000,0,16000,12500,3500
TXN-1089,2025-07-21,PROD-005,Organic Tomatoes,Fresh Produce,STR-KUM-02,Kumasi,Abena Boateng,2,0,50,0,50,30,20
TXN-1090,2026-03-22,PROD-006,Area Rug,Home Decor,STR-KUM-02,Kumasi,Abena Boateng,6,0,4500,0,4500,2700,1800
TXN-1091,2025-09-27,PROD-001,Basmati Rice 5kg,Groceries,STR-ACC-01,Accra,Kwame Mensah,3,0,330,0,330,255,75
TXN-1092,2025-12-17,PROD-001,Basmati Rice 5kg,Groceries,STR-ACC-01,Accra,Kwame Mensah,8,0,880,0,880,680,200
TXN-1093,2025-10-31,PROD-001,Basmati Rice 5kg,Groceries,STR-KUM-02,Kumasi,Abena Boateng,2,0,220,0,220,170,50
TXN-1094,2025-09-28,PROD-001,Basmati Rice 5kg,Groceries,STR-ACC-01,Accra,Kwame Mensah,1,0.1,110,11,99,85,14
TXN-1095,2025-08-03,PROD-001,Basmati Rice 5kg,Groceries,STR-KUM-02,Kumasi,Abena Boateng,9,0.05,990,49.5,940.5,765,175.5
TXN-1096,2025-09-09,PROD-002,Cooking Oil 5L,Groceries,STR-TAM-03,Tamale,Baba Iddrisu,3,0.4,480,192,288,360,-72
TXN-1097,2025-07-09,PROD-006,Area Rug,Home Decor,STR-TAM-03,Tamale,Baba Iddrisu,11,0.05,8250,412.5,7837.5,4950,2887.5
TXN-1098,2025-10-23,PROD-005,Organic Tomatoes,Fresh Produce,STR-TAM-03,Tamale,Baba Iddrisu,1,0.15,25,3.75,21.25,15,6.25
TXN-1099,2025-08-01,PROD-003,"Smart TV 43""",Electronics,STR-KUM-02,Kumasi,Abena Boateng,7,0.25,22400,5600,16800,17500,-700
TXN-1100,2025-07-27,PROD-003,"Smart TV 43""",Electronics,STR-TAM-03,Tamale,Baba Iddrisu,10,0.1,32000,3200,28800,25000,3800
TXN-1101,2025-08-25,PROD-006,Area Rug,Home Decor,STR-ACC-01,Accra,Kwame Mensah,5,0.05,3750,187.5,3562.5,2250,1312.5
TXN-1102,2025-12-04,PROD-006,Area Rug,Home Decor,STR-TAM-03,Tamale,Baba Iddrisu,5,0.15,3750,562.5,3187.5,2250,937.5
TXN-1103,2026-01-02,PROD-003,"Smart TV 43""",Electronics,STR-TAM-03,Tamale,Baba Iddrisu,1,0,3200,0,3200,2500,700
TXN-1104,2025-02-22,PROD-003,"Smart TV 43""",Electronics,STR-TAM-03,Tamale,Baba Iddrisu,9,0,28800,0,28800,22500,6300
TXN-1105,2025-10-07,PROD-002,Cooking Oil 5L,Groceries,STR-ACC-01,Accra,Kwame Mensah,7,0.05,1120,56,1064,840,224
TXN-1106,2026-02-14,PROD-004,Electric Kettle,Electronics,STR-KUM-02,Kumasi,Abena Boateng,8,0.05,1760,88,1672,1200,472
TXN-1107,2025-08-05,PROD-005,Organic Tomatoes,Fresh Produce,STR-ACC-01,Accra,Kwame Mensah,9,0,225,0,225,135,90
TXN-1108,2025-09-09,PROD-001,Basmati Rice 5kg,Groceries,STR-KUM-02,Kumasi,Abena Boateng,6,0.25,660,165,495,510,-15
TXN-1109,2025-07-07,PROD-004,Electric Kettle,Electronics,STR-KUM-02,Kumasi,Abena Boateng,5,0.1,1100,110,990,750,240
TXN-1110,2026-01-15,PROD-006,Area Rug,Home Decor,STR-TAM-03,Tamale,Baba Iddrisu,6,0.05,4500,225,4275,2700,1575
TXN-1111,2025-02-10,PROD-003,"Smart TV 43""",Electronics,STR-KUM-02,Kumasi,Abena Boateng,11,0.25,35200,8800,26400,27500,-1100
TXN-1112,2025-06-06,PROD-004,Electric Kettle,Electronics,STR-ACC-01,Accra,Kwame Mensah,2,0.05,440,22,418,300,118
TXN-1113,2025-01-15,PROD-005,Organic Tomatoes,Fresh Produce,STR-ACC-01,Accra,Kwame Mensah,4,0.4,100,40,60,60,0
TXN-1114,2025-10-28,PROD-006,Area Rug,Home Decor,STR-KUM-02,Kumasi,Abena Boateng,3,0.05,2250,112.5,2137.5,1350,787.5
TXN-1115,2025-03-06,PROD-001,Basmati Rice 5kg,Groceries,STR-TAM-03,Tamale,Baba Iddrisu,7,0,770,0,770,595,175
TXN-1116,2025-12-11,PROD-001,Basmati Rice 5kg,Groceries,STR-TAM-03,Tamale,Baba Iddrisu,9,0.15,990,148.5,841.5,765,76.5
TXN-1117,2025-11-23,PROD-005,Organic Tomatoes,Fresh Produce,STR-ACC-01,Accra,Kwame Mensah,5,0.1,125,12.5,112.5,75,37.5
TXN-1118,2025-01-09,PROD-005,Organic Tomatoes,Fresh Produce,STR-TAM-03,Tamale,Baba Iddrisu,6,0.15,150,22.5,127.5,90,37.5
TXN-1119,2025-12-10,PROD-003,"Smart TV 43""",Electronics,STR-KUM-02,Kumasi,Abena Boateng,10,0.4,32000,12800,19200,25000,-5800
TXN-1120,2025-05-09,PROD-001,Basmati Rice 5kg,Groceries,STR-KUM-02,Kumasi,Abena Boateng,2,0.15,220,33,187,170,17
TXN-1121,2025-05-16,PROD-006,Area Rug,Home Decor,STR-ACC-01,Accra,Kwame Mensah,3,0.1,2250,225,2025,1350,675
TXN-1122,2025-03-04,PROD-004,Electric Kettle,Electronics,STR-KUM-02,Kumasi,Abena Boateng,3,0.25,660,165,495,450,45
TXN-1123,2025-05-19,PROD-006,Area Rug,Home Decor,STR-ACC-01,Accra,Kwame Mensah,9,0.1,6750,675,6075,4050,2025
TXN-1124,2025-03-22,PROD-002,Cooking Oil 5L,Groceries,STR-KUM-02,Kumasi,Abena Boateng,7,0.05,1120,56,1064,840,224
TXN-1125,2026-01-27,PROD-002,Cooking Oil 5L,Groceries,STR-ACC-01,Accra,Kwame Mensah,8,0.25,1280,320,960,960,0
TXN-1126,2025-06-12,PROD-005,Organic Tomatoes,Fresh Produce,STR-TAM-03,Tamale,Baba Iddrisu,11,0,275,0,275,165,110
TXN-1127,2026-02-23,PROD-003,"Smart TV 43""",Electronics,STR-KUM-02,Kumasi,Abena Boateng,10,0.1,32000,3200,28800,25000,3800
TXN-1128,2025-10-16,PROD-002,Cooking Oil 5L,Groceries,STR-KUM-02,Kumasi,Abena Boateng,11,0.25,1760,440,1320,1320,0
TXN-1129,2026-01-14,PROD-001,Basmati Rice 5kg,Groceries,STR-ACC-01,Accra,Kwame Mensah,9,0.1,990,99,891,765,126
TXN-1130,2025-09-18,PROD-006,Area Rug,Home Decor,STR-ACC-01,Accra,Kwame Mensah,6,0.1,4500,450,4050,2700,1350
TXN-1131,2025-08-19,PROD-006,Area Rug,Home Decor,STR-KUM-02,Kumasi,Abena Boateng,4,0.15,3000,450,2550,1800,750
TXN-1132,2025-02-10,PROD-005,Organic Tomatoes,Fresh Produce,STR-ACC-01,Accra,Kwame Mensah,1,0.05,25,1.25,23.75,15,8.75
TXN-1133,2025-01-28,PROD-004,Electric Kettle,Electronics,STR-KUM-02,Kumasi,Abena Boateng,8,0.25,1760,440,1320,1200,120
TXN-1134,2025-05-15,PROD-005,Organic Tomatoes,Fresh Produce,STR-TAM-03,Tamale,Baba Iddrisu,7,0,175,0,175,105,70
TXN-1135,2025-07-20,PROD-004,Electric Kettle,Electronics,STR-ACC-01,Accra,Kwame Mensah,2,0,440,0,440,300,140
TXN-1136,2025-11-24,PROD-005,Organic Tomatoes,Fresh Produce,STR-KUM-02,Kumasi,Abena Boateng,8,0,200,0,200,120,80
TXN-1137,2025-09-25,PROD-005,Organic Tomatoes,Fresh Produce,STR-TAM-03,Tamale,Baba Iddrisu,5,0.05,125,6.25,118.75,75,43.75
TXN-1138,2026-02-22,PROD-005,Organic Tomatoes,Fresh Produce,STR-TAM-03,Tamale,Baba Iddrisu,7,0.05,175,8.75,166.25,105,61.25
TXN-1139,2025-02-02,PROD-004,Electric Kettle,Electronics,STR-KUM-02,Kumasi,Abena Boateng,4,0.15,880,132,748,600,148
TXN-1140,2025-02-17,PROD-004,Electric Kettle,Electronics,STR-ACC-01,Accra,Kwame Mensah,5,0.05,1100,55,1045,750,295
TXN-1141,2026-02-11,PROD-005,Organic Tomatoes,Fresh Produce,STR-KUM-02,Kumasi,Abena Boateng,8,0.05,200,10,190,120,70
TXN-1142,2025-03-03,PROD-002,Cooking Oil 5L,Groceries,STR-TAM-03,Tamale,Baba Iddrisu,1,0,160,0,160,120,40
TXN-1143,2025-08-04,PROD-003,"Smart TV 43""",Electronics,STR-KUM-02,Kumasi,Abena Boateng,1,0.05,3200,160,3040,2500,540
TXN-1144,2025-10-20,PROD-003,"Smart TV 43""",Electronics,STR-ACC-01,Accra,Kwame Mensah,4,0.1,12800,1280,11520,10000,1520
TXN-1145,2025-04-09,PROD-003,"Smart TV 43""",Electronics,STR-TAM-03,Tamale,Baba Iddrisu,3,0,9600,0,9600,7500,2100
TXN-1146,2025-06-21,PROD-004,Electric Kettle,Electronics,STR-KUM-02,Kumasi,Abena Boateng,10,0,2200,0,2200,1500,700
TXN-1147,2025-12-26,PROD-004,Electric Kettle,Electronics,STR-ACC-01,Accra,Kwame Mensah,2,0,440,0,440,300,140
TXN-1148,2025-08-02,PROD-002,Cooking Oil 5L,Groceries,STR-TAM-03,Tamale,Baba Iddrisu,3,0,480,0,480,360,120
TXN-1149,2025-02-04,PROD-003,"Smart TV 43""",Electronics,STR-ACC-01,Accra,Kwame Mensah,11,0.05,35200,1760,33440,27500,5940
TXN-1150,2026-03-25,PROD-003,"Smart TV 43""",Electronics,STR-TAM-03,Tamale,Baba Iddrisu,11,0,35200,0,35200,27500,7700
TXN-1151,2025-08-15,PROD-005,Organic Tomatoes,Fresh Produce,STR-KUM-02,Kumasi,Abena Boateng,11,0.1,275,27.5,247.5,165,82.5
TXN-1152,2025-04-11,PROD-004,Electric Kettle,Electronics,STR-ACC-01,Accra,Kwame Mensah,1,0.15,220,33,187,150,37
TXN-1153,2026-03-07,PROD-003,"Smart TV 43""",Electronics,STR-TAM-03,Tamale,Baba Iddrisu,1,0.05,3200,160,3040,2500,540
TXN-1154,2025-05-11,PROD-006,Area Rug,Home Decor,STR-ACC-01,Accra,Kwame Mensah,6,0.4,4500,1800,2700,2700,0
TXN-1155,2025-09-14,PROD-002,Cooking Oil 5L,Groceries,STR-ACC-01,Accra,Kwame Mensah,5,0.05,800,40,760,600,160
TXN-1156,2025-01-05,PROD-006,Area Rug,Home Decor,STR-KUM-02,Kumasi,Abena Boateng,8,0.05,6000,300,5700,3600,2100
TXN-1157,2025-08-06,PROD-006,Area Rug,Home Decor,STR-ACC-01,Accra,Kwame Mensah,2,0.4,1500,600,900,900,0
TXN-1158,2025-09-12,PROD-002,Cooking Oil 5L,Groceries,STR-TAM-03,Tamale,Baba Iddrisu,4,0,640,0,640,480,160
TXN-1159,2026-02-02,PROD-006,Area Rug,Home Decor,STR-TAM-03,Tamale,Baba Iddrisu,8,0.25,6000,1500,4500,3600,900
TXN-1160,2025-12-25,PROD-003,"Smart TV 43""",Electronics,STR-TAM-03,Tamale,Baba Iddrisu,6,0,19200,0,19200,15000,4200
TXN-1161,2025-10-10,PROD-004,Electric Kettle,Electronics,STR-TAM-03,Tamale,Baba Iddrisu,1,0.05,220,11,209,150,59
TXN-1162,2026-01-28,PROD-002,Cooking Oil 5L,Groceries,STR-KUM-02,Kumasi,Abena Boateng,4,0,640,0,640,480,160
TXN-1163,2025-07-26,PROD-005,Organic Tomatoes,Fresh Produce,STR-ACC-01,Accra,Kwame Mensah,1,0.1,25,2.5,22.5,15,7.5
TXN-1164,2025-01-15,PROD-006,Area Rug,Home Decor,STR-KUM-02,Kumasi,Abena Boateng,2,0.1,1500,150,1350,900,450
TXN-1165,2025-12-12,PROD-002,Cooking Oil 5L,Groceries,STR-ACC-01,Accra,Kwame Mensah,5,0.1,800,80,720,600,120
TXN-1166,2025-02-11,PROD-001,Basmati Rice 5kg,Groceries,STR-ACC-01,Accra,Kwame Mensah,8,0,880,0,880,680,200
TXN-1167,2026-01-15,PROD-001,Basmati Rice 5kg,Groceries,STR-ACC-01,Accra,Kwame Mensah,8,0,880,0,880,680,200
TXN-1168,2025-06-28,PROD-004,Electric Kettle,Electronics,STR-KUM-02,Kumasi,Abena Boateng,11,0,2420,0,2420,1650,770
TXN-1169,2025-03-04,PROD-003,"Smart TV 43""",Electronics,STR-ACC-01,Accra,Kwame Mensah,3,0,9600,0,9600,7500,2100
TXN-1170,2025-12-18,PROD-004,Electric Kettle,Electronics,STR-KUM-02,Kumasi,Abena Boateng,11,0.25,2420,605,1815,1650,165
TXN-1171,2025-08-19,PROD-004,Electric Kettle,Electronics,STR-TAM-03,Tamale,Baba Iddrisu,4,0,880,0,880,600,280
TXN-1172,2025-08-29,PROD-004,Electric Kettle,Electronics,STR-TAM-03,Tamale,Baba Iddrisu,10,0.15,2200,330,1870,1500,370
TXN-1173,2025-02-21,PROD-004,Electric Kettle,Electronics,STR-ACC-01,Accra,Kwame Mensah,11,0.15,2420,363,2057,1650,407
TXN-1174,2025-04-06,PROD-005,Organic Tomatoes,Fresh Produce,STR-KUM-02,Kumasi,Abena Boateng,6,0,150,0,150,90,60
TXN-1175,2026-01-23,PROD-005,Organic Tomatoes,Fresh Produce,STR-TAM-03,Tamale,Baba Iddrisu,11,0.1,275,27.5,247.5,165,82.5
TXN-1176,2025-08-10,PROD-002,Cooking Oil 5L,Groceries,STR-KUM-02,Kumasi,Abena Boateng,11,0,1760,0,1760,1320,440
TXN-1177,2026-02-11,PROD-001,Basmati Rice 5kg,Groceries,STR-KUM-02,Kumasi,Abena Boateng,10,0,1100,0,1100,850,250
TXN-1178,2025-08-19,PROD-004,Electric Kettle,Electronics,STR-ACC-01,Accra,Kwame Mensah,3,0,660,0,660,450,210
TXN-1179,2025-08-25,PROD-002,Cooking Oil 5L,Groceries,STR-TAM-03,Tamale,Baba Iddrisu,2,0.05,320,16,304,240,64
TXN-1180,2025-05-23,PROD-001,Basmati Rice 5kg,Groceries,STR-ACC-01,Accra,Kwame Mensah,6,0.05,660,33,627,510,117
TXN-1181,2025-06-20,PROD-006,Area Rug,Home Decor,STR-ACC-01,Accra,Kwame Mensah,11,0.05,8250,412.5,7837.5,4950,2887.5
TXN-1182,2025-01-29,PROD-003,"Smart TV 43""",Electronics,STR-TAM-03,Tamale,Baba Iddrisu,5,0.05,16000,800,15200,12500,2700
TXN-1183,2025-02-05,PROD-005,Organic Tomatoes,Fresh Produce,STR-TAM-03,Tamale,Baba Iddrisu,10,0,250,0,250,150,100
TXN-1184,2025-01-13,PROD-006,Area Rug,Home Decor,STR-KUM-02,Kumasi,Abena Boateng,5,0.1,3750,375,3375,2250,1125
TXN-1185,2025-06-09,PROD-001,Basmati Rice 5kg,Groceries,STR-TAM-03,Tamale,Baba Iddrisu,10,0.15,1100,165,935,850,85
TXN-1186,2025-11-23,PROD-006,Area Rug,Home Decor,STR-KUM-02,Kumasi,Abena Boateng,5,0,3750,0,3750,2250,1500
TXN-1187,2025-07-06,PROD-003,"Smart TV 43""",Electronics,STR-KUM-02,Kumasi,Abena Boateng,10,0,32000,0,32000,25000,7000
TXN-1188,2025-08-31,PROD-001,Basmati Rice 5kg,Groceries,STR-KUM-02,Kumasi,Abena Boateng,5,0.1,550,55,495,425,70
TXN-1189,2025-03-27,PROD-006,Area Rug,Home Decor,STR-TAM-03,Tamale,Baba Iddrisu,3,0,2250,0,2250,1350,900
TXN-1190,2025-10-11,PROD-005,Organic Tomatoes,Fresh Produce,STR-ACC-01,Accra,Kwame Mensah,7,0.1,175,17.5,157.5,105,52.5
TXN-1191,2025-03-07,PROD-005,Organic Tomatoes,Fresh Produce,STR-KUM-02,Kumasi,Abena Boateng,6,0,150,0,150,90,60
TXN-1192,2025-06-19,PROD-002,Cooking Oil 5L,Groceries,STR-ACC-01,Accra,Kwame Mensah,4,0,640,0,640,480,160
TXN-1193,2025-02-14,PROD-006,Area Rug,Home Decor,STR-ACC-01,Accra,Kwame Mensah,2,0,1500,0,1500,900,600
TXN-1194,2025-03-03,PROD-004,Electric Kettle,Electronics,STR-TAM-03,Tamale,Baba Iddrisu,9,0,1980,0,1980,1350,630
TXN-1195,2026-03-17,PROD-006,Area Rug,Home Decor,STR-ACC-01,Accra,Kwame Mensah,1,0.1,750,75,675,450,225
TXN-1196,2025-05-14,PROD-001,Basmati Rice 5kg,Groceries,STR-ACC-01,Accra,Kwame Mensah,11,0.05,1210,60.5,1149.5,935,214.5
TXN-1197,2025-10-11,PROD-001,Basmati Rice 5kg,Groceries,STR-TAM-03,Tamale,Baba Iddrisu,4,0.15,440,66,374,340,34
TXN-1198,2025-01-28,PROD-006,Area Rug,Home Decor,STR-KUM-02,Kumasi,Abena Boateng,1,0.25,750,187.5,562.5,450,112.5
TXN-1199,2025-04-18,PROD-003,"Smart TV 43""",Electronics,STR-ACC-01,Accra,Kwame Mensah,6,0.05,19200,960,18240,15000,3240
TXN-1200,2025-02-13,PROD-005,Organic Tomatoes,Fresh Produce,STR-TAM-03,Tamale,Baba Iddrisu,4,0.15,100,15,85,60,25
TXN-1201,2025-12-06,PROD-001,Basmati Rice 5kg,Groceries,STR-ACC-01,Accra,Kwame Mensah,5,0,550,0,550,425,125
TXN-1202,2025-10-13,PROD-005,Organic Tomatoes,Fresh Produce,STR-ACC-01,Accra,Kwame Mensah,5,0.05,125,6.25,118.75,75,43.75
TXN-1203,2026-03-22,PROD-001,Basmati Rice 5kg,Groceries,STR-KUM-02,Kumasi,Abena Boateng,9,0.1,990,99,891,765,126
TXN-1204,2025-11-27,PROD-002,Cooking Oil 5L,Groceries,STR-ACC-01,Accra,Kwame Mensah,1,0,160,0,160,120,40
TXN-1205,2025-05-08,PROD-004,Electric Kettle,Electronics,STR-TAM-03,Tamale,Baba Iddrisu,2,0.05,440,22,418,300,118
TXN-1206,2025-12-14,PROD-001,Basmati Rice 5kg,Groceries,STR-ACC-01,Accra,Kwame Mensah,6,0,660,0,660,510,150
TXN-1207,2025-08-19,PROD-005,Organic Tomatoes,Fresh Produce,STR-KUM-02,Kumasi,Abena Boateng,5,0.05,125,6.25,118.75,75,43.75
TXN-1208,2025-07-09,PROD-002,Cooking Oil 5L,Groceries,STR-KUM-02,Kumasi,Abena Boateng,11,0.25,1760,440,1320,1320,0
TXN-1209,2025-08-13,PROD-001,Basmati Rice 5kg,Groceries,STR-TAM-03,Tamale,Baba Iddrisu,7,0.25,770,192.5,577.5,595,-17.5
TXN-1210,2026-01-20,PROD-003,"Smart TV 43""",Electronics,STR-KUM-02,Kumasi,Abena Boateng,3,0.1,9600,960,8640,7500,1140
TXN-1211,2026-01-12,PROD-004,Electric Kettle,Electronics,STR-ACC-01,Accra,Kwame Mensah,3,0.1,660,66,594,450,144
TXN-1212,2025-10-10,PROD-001,Basmati Rice 5kg,Groceries,STR-KUM-02,Kumasi,Abena Boateng,10,0.05,1100,55,1045,850,195
TXN-1213,2026-03-22,PROD-002,Cooking Oil 5L,Groceries,STR-TAM-03,Tamale,Baba Iddrisu,2,0.05,320,16,304,240,64
TXN-1214,2025-05-01,PROD-003,"Smart TV 43""",Electronics,STR-KUM-02,Kumasi,Abena Boateng,3,0,9600,0,9600,7500,2100
TXN-1215,2025-04-26,PROD-006,Area Rug,Home Decor,STR-KUM-02,Kumasi,Abena Boateng,10,0.05,7500,375,7125,4500,2625
TXN-1216,2025-08-21,PROD-002,Cooking Oil 5L,Groceries,STR-KUM-02,Kumasi,Abena Boateng,1,0.05,160,8,152,120,32
TXN-1217,2025-09-16,PROD-002,Cooking Oil 5L,Groceries,STR-TAM-03,Tamale,Baba Iddrisu,5,0.4,800,320,480,600,-120
TXN-1218,2025-12-25,PROD-003,"Smart TV 43""",Electronics,STR-KUM-02,Kumasi,Abena Boateng,5,0.05,16000,800,15200,12500,2700
TXN-1219,2025-07-17,PROD-002,Cooking Oil 5L,Groceries,STR-KUM-02,Kumasi,Abena Boateng,11,0.05,1760,88,1672,1320,352
TXN-1220,2026-02-15,PROD-003,"Smart TV 43""",Electronics,STR-ACC-01,Accra,Kwame Mensah,7,0.05,22400,1120,21280,17500,3780
TXN-1221,2025-05-17,PROD-001,Basmati Rice 5kg,Groceries,STR-TAM-03,Tamale,Baba Iddrisu,4,0.1,440,44,396,340,56
TXN-1222,2025-11-14,PROD-003,"Smart TV 43""",Electronics,STR-KUM-02,Kumasi,Abena Boateng,3,0.1,9600,960,8640,7500,1140
TXN-1223,2025-06-14,PROD-003,"Smart TV 43""",Electronics,STR-TAM-03,Tamale,Baba Iddrisu,1,0,3200,0,3200,2500,700
TXN-1224,2025-08-13,PROD-004,Electric Kettle,Electronics,STR-KUM-02,Kumasi,Abena Boateng,8,0.05,1760,88,1672,1200,472
TXN-1225,2025-11-03,PROD-003,"Smart TV 43""",Electronics,STR-KUM-02,Kumasi,Abena Boateng,3,0.15,9600,1440,8160,7500,660
TXN-1226,2025-08-22,PROD-003,"Smart TV 43""",Electronics,STR-KUM-02,Kumasi,Abena Boateng,2,0.05,6400,320,6080,5000,1080
TXN-1227,2025-06-21,PROD-006,Area Rug,Home Decor,STR-ACC-01,Accra,Kwame Mensah,11,0,8250,0,8250,4950,3300
TXN-1228,2025-06-01,PROD-001,Basmati Rice 5kg,Groceries,STR-ACC-01,Accra,Kwame Mensah,4,0.1,440,44,396,340,56
TXN-1229,2025-11-11,PROD-004,Electric Kettle,Electronics,STR-ACC-01,Accra,Kwame Mensah,3,0.15,660,99,561,450,111
TXN-1230,2026-01-09,PROD-006,Area Rug,Home Decor,STR-TAM-03,Tamale,Baba Iddrisu,1,0,750,0,750,450,300
TXN-1231,2025-06-09,PROD-005,Organic Tomatoes,Fresh Produce,STR-TAM-03,Tamale,Baba Iddrisu,3,0.15,75,11.25,63.75,45,18.75
TXN-1232,2025-04-06,PROD-001,Basmati Rice 5kg,Groceries,STR-ACC-01,Accra,Kwame Mensah,2,0.15,220,33,187,170,17
TXN-1233,2025-08-21,PROD-001,Basmati Rice 5kg,Groceries,STR-TAM-03,Tamale,Baba Iddrisu,8,0.05,880,44,836,680,156
TXN-1234,2025-06-29,PROD-005,Organic Tomatoes,Fresh Produce,STR-KUM-02,Kumasi,Abena Boateng,6,0.4,150,60,90,90,0
TXN-1235,2025-04-23,PROD-003,"Smart TV 43""",Electronics,STR-KUM-02,Kumasi,Abena Boateng,9,0.15,28800,4320,24480,22500,1980
TXN-1236,2025-11-14,PROD-006,Area Rug,Home Decor,STR-KUM-02,Kumasi,Abena Boateng,8,0.15,6000,900,5100,3600,1500
TXN-1237,2026-03-18,PROD-002,Cooking Oil 5L,Groceries,STR-ACC-01,Accra,Kwame Mensah,10,0.1,1600,160,1440,1200,240
TXN-1238,2025-02-21,PROD-004,Electric Kettle,Electronics,STR-TAM-03,Tamale,Baba Iddrisu,3,0,660,0,660,450,210
TXN-1239,2025-09-25,PROD-002,Cooking Oil 5L,Groceries,STR-ACC-01,Accra,Kwame Mensah,5,0,800,0,800,600,200
TXN-1240,2025-10-22,PROD-005,Organic Tomatoes,Fresh Produce,STR-TAM-03,Tamale,Baba Iddrisu,7,0.05,175,8.75,166.25,105,61.25
TXN-1241,2026-01-21,PROD-001,Basmati Rice 5kg,Groceries,STR-KUM-02,Kumasi,Abena Boateng,5,0,550,0,550,425,125
TXN-1242,2026-01-22,PROD-001,Basmati Rice 5kg,Groceries,STR-ACC-01,Accra,Kwame Mensah,8,0.05,880,44,836,680,156
TXN-1243,2025-04-23,PROD-004,Electric Kettle,Electronics,STR-TAM-03,Tamale,Baba Iddrisu,5,0.25,1100,275,825,750,75
TXN-1244,2025-04-11,PROD-001,Basmati Rice 5kg,Groceries,STR-TAM-03,Tamale,Baba Iddrisu,1,0.15,110,16.5,93.5,85,8.5
TXN-1245,2025-04-23,PROD-001,Basmati Rice 5kg,Groceries,STR-KUM-02,Kumasi,Abena Boateng,5,0.1,550,55,495,425,70
TXN-1246,2026-03-16,PROD-004,Electric Kettle,Electronics,STR-ACC-01,Accra,Kwame Mensah,4,0.25,880,220,660,600,60
TXN-1247,2025-03-22,PROD-006,Area Rug,Home Decor,STR-ACC-01,Accra,Kwame Mensah,6,0.15,4500,675,3825,2700,1125
TXN-1248,2025-07-06,PROD-006,Area Rug,Home Decor,STR-ACC-01,Accra,Kwame Mensah,3,0.05,2250,112.5,2137.5,1350,787.5
TXN-1249,2025-04-23,PROD-004,Electric Kettle,Electronics,STR-KUM-02,Kumasi,Abena Boateng,11,0,2420,0,2420,1650,770
TXN-1250,2025-01-02,PROD-005,Organic Tomatoes,Fresh Produce,STR-ACC-01,Accra,Kwame Mensah,5,0.05,125,6.25,118.75,75,43.75
TXN-1251,2025-05-10,PROD-001,Basmati Rice 5kg,Groceries,STR-KUM-02,Kumasi,Abena Boateng,2,0.1,220,22,198,170,28
TXN-1252,2025-08-08,PROD-001,Basmati Rice 5kg,Groceries,STR-KUM-02,Kumasi,Abena Boateng,11,0.05,1210,60.5,1149.5,935,214.5
TXN-1253,2025-02-23,PROD-005,Organic Tomatoes,Fresh Produce,STR-KUM-02,Kumasi,Abena Boateng,6,0.1,150,15,135,90,45
TXN-1254,2025-12-09,PROD-006,Area Rug,Home Decor,STR-TAM-03,Tamale,Baba Iddrisu,6,0,4500,0,4500,2700,1800
TXN-1255,2025-08-12,PROD-003,"Smart TV 43""",Electronics,STR-ACC-01,Accra,Kwame Mensah,5,0.1,16000,1600,14400,12500,1900
TXN-1256,2025-08-13,PROD-003,"Smart TV 43""",Electronics,STR-ACC-01,Accra,Kwame Mensah,6,0.15,19200,2880,16320,15000,1320
TXN-1257,2026-01-20,PROD-003,"Smart TV 43""",Electronics,STR-KUM-02,Kumasi,Abena Boateng,11,0.1,35200,3520,31680,27500,4180
TXN-1258,2026-02-07,PROD-006,Area Rug,Home Decor,STR-KUM-02,Kumasi,Abena Boateng,7,0.4,5250,2100,3150,3150,0
TXN-1259,2025-05-06,PROD-006,Area Rug,Home Decor,STR-ACC-01,Accra,Kwame Mensah,5,0.15,3750,562.5,3187.5,2250,937.5
TXN-1260,2025-05-10,PROD-005,Organic Tomatoes,Fresh Produce,STR-KUM-02,Kumasi,Abena Boateng,1,0.25,25,6.25,18.75,15,3.75
TXN-1261,2025-02-22,PROD-001,Basmati Rice 5kg,Groceries,STR-ACC-01,Accra,Kwame Mensah,8,0.25,880,220,660,680,-20
TXN-1262,2025-06-21,PROD-005,Organic Tomatoes,Fresh Produce,STR-TAM-03,Tamale,Baba Iddrisu,4,0.15,100,15,85,60,25
TXN-1263,2025-08-06,PROD-005,Organic Tomatoes,Fresh Produce,STR-KUM-02,Kumasi,Abena Boateng,9,0.1,225,22.5,202.5,135,67.5
TXN-1264,2025-06-09,PROD-006,Area Rug,Home Decor,STR-ACC-01,Accra,Kwame Mensah,10,0,7500,0,7500,4500,3000
TXN-1265,2025-07-17,PROD-003,"Smart TV 43""",Electronics,STR-KUM-02,Kumasi,Abena Boateng,6,0.05,19200,960,18240,15000,3240
TXN-1266,2026-02-20,PROD-002,Cooking Oil 5L,Groceries,STR-ACC-01,Accra,Kwame Mensah,1,0.05,160,8,152,120,32
TXN-1267,2025-09-04,PROD-001,Basmati Rice 5kg,Groceries,STR-ACC-01,Accra,Kwame Mensah,3,0,330,0,330,255,75
TXN-1268,2025-11-20,PROD-006,Area Rug,Home Decor,STR-KUM-02,Kumasi,Abena Boateng,3,0,2250,0,2250,1350,900
TXN-1269,2026-03-15,PROD-003,"Smart TV 43""",Electronics,STR-TAM-03,Tamale,Baba Iddrisu,10,0.4,32000,12800,19200,25000,-5800
TXN-1270,2025-07-22,PROD-002,Cooking Oil 5L,Groceries,STR-ACC-01,Accra,Kwame Mensah,4,0.25,640,160,480,480,0
TXN-1271,2025-07-03,PROD-002,Cooking Oil 5L,Groceries,STR-ACC-01,Accra,Kwame Mensah,6,0.15,960,144,816,720,96
TXN-1272,2025-05-03,PROD-006,Area Rug,Home Decor,STR-ACC-01,Accra,Kwame Mensah,7,0.05,5250,262.5,4987.5,3150,1837.5
TXN-1273,2026-02-05,PROD-004,Electric Kettle,Electronics,STR-TAM-03,Tamale,Baba Iddrisu,10,0,2200,0,2200,1500,700
TXN-1274,2025-09-12,PROD-001,Basmati Rice 5kg,Groceries,STR-TAM-03,Tamale,Baba Iddrisu,4,0,440,0,440,340,100
TXN-1275,2025-10-21,PROD-002,Cooking Oil 5L,Groceries,STR-KUM-02,Kumasi,Abena Boateng,6,0,960,0,960,720,240
TXN-1276,2025-10-07,PROD-006,Area Rug,Home Decor,STR-TAM-03,Tamale,Baba Iddrisu,11,0,8250,0,8250,4950,3300
TXN-1277,2025-11-21,PROD-006,Area Rug,Home Decor,STR-KUM-02,Kumasi,Abena Boateng,1,0,750,0,750,450,300
TXN-1278,2026-01-07,PROD-003,"Smart TV 43""",Electronics,STR-KUM-02,Kumasi,Abena Boateng,8,0.25,25600,6400,19200,20000,-800
TXN-1279,2025-04-08,PROD-004,Electric Kettle,Electronics,STR-TAM-03,Tamale,Baba Iddrisu,7,0.1,1540,154,1386,1050,336
TXN-1280,2025-07-17,PROD-001,Basmati Rice 5kg,Groceries,STR-KUM-02,Kumasi,Abena Boateng,11,0,1210,0,1210,935,275
TXN-1281,2026-01-30,PROD-005,Organic Tomatoes,Fresh Produce,STR-TAM-03,Tamale,Baba Iddrisu,11,0,275,0,275,165,110
TXN-1282,2025-08-28,PROD-003,"Smart TV 43""",Electronics,STR-KUM-02,Kumasi,Abena Boateng,9,0.05,28800,1440,27360,22500,4860
TXN-1283,2025-05-24,PROD-002,Cooking Oil 5L,Groceries,STR-TAM-03,Tamale,Baba Iddrisu,3,0,480,0,480,360,120
TXN-1284,2025-04-07,PROD-002,Cooking Oil 5L,Groceries,STR-TAM-03,Tamale,Baba Iddrisu,2,0.25,320,80,240,240,0
TXN-1285,2025-07-20,PROD-003,"Smart TV 43""",Electronics,STR-KUM-02,Kumasi,Abena Boateng,1,0.05,3200,160,3040,2500,540
TXN-1286,2025-05-04,PROD-006,Area Rug,Home Decor,STR-ACC-01,Accra,Kwame Mensah,3,0.05,2250,112.5,2137.5,1350,787.5
TXN-1287,2025-07-06,PROD-002,Cooking Oil 5L,Groceries,STR-KUM-02,Kumasi,Abena Boateng,5,0,800,0,800,600,200
TXN-1288,2025-11-22,PROD-004,Electric Kettle,Electronics,STR-TAM-03,Tamale,Baba Iddrisu,11,0,2420,0,2420,1650,770
TXN-1289,2025-12-15,PROD-001,Basmati Rice 5kg,Groceries,STR-ACC-01,Accra,Kwame Mensah,2,0.1,220,22,198,170,28
TXN-1290,2025-09-16,PROD-004,Electric Kettle,Electronics,STR-KUM-02,Kumasi,Abena Boateng,3,0.1,660,66,594,450,144
TXN-1291,2025-05-28,PROD-002,Cooking Oil 5L,Groceries,STR-KUM-02,Kumasi,Abena Boateng,4,0.1,640,64,576,480,96
TXN-1292,2025-09-09,PROD-005,Organic Tomatoes,Fresh Produce,STR-KUM-02,Kumasi,Abena Boateng,7,0,175,0,175,105,70
TXN-1293,2026-03-19,PROD-001,Basmati Rice 5kg,Groceries,STR-ACC-01,Accra,Kwame Mensah,3,0.05,330,16.5,313.5,255,58.5
TXN-1294,2026-02-24,PROD-001,Basmati Rice 5kg,Groceries,STR-TAM-03,Tamale,Baba Iddrisu,9,0.05,990,49.5,940.5,765,175.5
TXN-1295,2026-02-07,PROD-003,"Smart TV 43""",Electronics,STR-KUM-02,Kumasi,Abena Boateng,8,0.25,25600,6400,19200,20000,-800
TXN-1296,2025-12-12,PROD-003,"Smart TV 43""",Electronics,STR-KUM-02,Kumasi,Abena Boateng,4,0,12800,0,12800,10000,2800
TXN-1297,2025-05-27,PROD-005,Organic Tomatoes,Fresh Produce,STR-KUM-02,Kumasi,Abena Boateng,1,0,25,0,25,15,10
TXN-1298,2025-05-28,PROD-006,Area Rug,Home Decor,STR-KUM-02,Kumasi,Abena Boateng,1,0.1,750,75,675,450,225
TXN-1299,2025-12-18,PROD-001,Basmati Rice 5kg,Groceries,STR-KUM-02,Kumasi,Abena Boateng,1,0.1,110,11,99,85,14
TXN-1300,2025-07-18,PROD-005,Organic Tomatoes,Fresh Produce,STR-TAM-03,Tamale,Baba Iddrisu,1,0.05,25,1.25,23.75,15,8.75
TXN-1301,2025-11-04,PROD-003,"Smart TV 43""",Electronics,STR-TAM-03,Tamale,Baba Iddrisu,8,0.05,25600,1280,24320,20000,4320
TXN-1302,2026-02-21,PROD-003,"Smart TV 43""",Electronics,STR-KUM-02,Kumasi,Abena Boateng,3,0.05,9600,480,9120,7500,1620
TXN-1303,2026-02-28,PROD-001,Basmati Rice 5kg,Groceries,STR-ACC-01,Accra,Kwame Mensah,6,0.25,660,165,495,510,-15
TXN-1304,2025-05-08,PROD-004,Electric Kettle,Electronics,STR-TAM-03,Tamale,Baba Iddrisu,3,0.05,660,33,627,450,177
TXN-1305,2025-02-08,PROD-002,Cooking Oil 5L,Groceries,STR-ACC-01,Accra,Kwame Mensah,11,0.25,1760,440,1320,1320,0
TXN-1306,2025-12-04,PROD-003,"Smart TV 43""",Electronics,STR-TAM-03,Tamale,Baba Iddrisu,5,0.05,16000,800,15200,12500,2700
TXN-1307,2025-12-26,PROD-006,Area Rug,Home Decor,STR-KUM-02,Kumasi,Abena Boateng,7,0.25,5250,1312.5,3937.5,3150,787.5
TXN-1308,2025-05-09,PROD-006,Area Rug,Home Decor,STR-TAM-03,Tamale,Baba Iddrisu,2,0.15,1500,225,1275,900,375
TXN-1309,2025-09-24,PROD-003,"Smart TV 43""",Electronics,STR-KUM-02,Kumasi,Abena Boateng,6,0,19200,0,19200,15000,4200
TXN-1310,2026-03-17,PROD-004,Electric Kettle,Electronics,STR-TAM-03,Tamale,Baba Iddrisu,6,0.25,1320,330,990,900,90
TXN-1311,2026-03-10,PROD-004,Electric Kettle,Electronics,STR-KUM-02,Kumasi,Abena Boateng,11,0,2420,0,2420,1650,770
TXN-1312,2025-05-31,PROD-005,Organic Tomatoes,Fresh Produce,STR-KUM-02,Kumasi,Abena Boateng,3,0.25,75,18.75,56.25,45,11.25
TXN-1313,2026-02-19,PROD-006,Area Rug,Home Decor,STR-KUM-02,Kumasi,Abena Boateng,6,0.1,4500,450,4050,2700,1350
TXN-1314,2025-10-25,PROD-005,Organic Tomatoes,Fresh Produce,STR-KUM-02,Kumasi,Abena Boateng,10,0,250,0,250,150,100
TXN-1315,2025-04-09,PROD-006,Area Rug,Home Decor,STR-ACC-01,Accra,Kwame Mensah,10,0.1,7500,750,6750,4500,2250
TXN-1316,2025-09-20,PROD-002,Cooking Oil 5L,Groceries,STR-KUM-02,Kumasi,Abena Boateng,5,0.4,800,320,480,600,-120
TXN-1317,2025-09-09,PROD-002,Cooking Oil 5L,Groceries,STR-ACC-01,Accra,Kwame Mensah,2,0,320,0,320,240,80
TXN-1318,2025-05-24,PROD-001,Basmati Rice 5kg,Groceries,STR-ACC-01,Accra,Kwame Mensah,9,0.05,990,49.5,940.5,765,175.5
TXN-1319,2025-12-12,PROD-005,Organic Tomatoes,Fresh Produce,STR-KUM-02,Kumasi,Abena Boateng,8,0.1,200,20,180,120,60
TXN-1320,2025-04-22,PROD-003,"Smart TV 43""",Electronics,STR-ACC-01,Accra,Kwame Mensah,3,0.15,9600,1440,8160,7500,660
TXN-1321,2025-03-01,PROD-005,Organic Tomatoes,Fresh Produce,STR-TAM-03,Tamale,Baba Iddrisu,8,0.05,200,10,190,120,70
TXN-1322,2026-01-04,PROD-003,"Smart TV 43""",Electronics,STR-KUM-02,Kumasi,Abena Boateng,9,0,28800,0,28800,22500,6300
TXN-1323,2025-01-02,PROD-004,Electric Kettle,Electronics,STR-ACC-01,Accra,Kwame Mensah,3,0,660,0,660,450,210
TXN-1324,2026-01-20,PROD-005,Organic Tomatoes,Fresh Produce,STR-KUM-02,Kumasi,Abena Boateng,3,0.05,75,3.75,71.25,45,26.25
TXN-1325,2025-10-31,PROD-004,Electric Kettle,Electronics,STR-KUM-02,Kumasi,Abena Boateng,2,0.05,440,22,418,300,118
TXN-1326,2025-09-11,PROD-002,Cooking Oil 5L,Groceries,STR-KUM-02,Kumasi,Abena Boateng,8,0.25,1280,320,960,960,0
TXN-1327,2025-05-20,PROD-002,Cooking Oil 5L,Groceries,STR-ACC-01,Accra,Kwame Mensah,10,0,1600,0,1600,1200,400
TXN-1328,2025-02-06,PROD-001,Basmati Rice 5kg,Groceries,STR-TAM-03,Tamale,Baba Iddrisu,1,0.1,110,11,99,85,14
TXN-1329,2025-06-09,PROD-005,Organic Tomatoes,Fresh Produce,STR-TAM-03,Tamale,Baba Iddrisu,8,0,200,0,200,120,80
TXN-1330,2025-01-09,PROD-004,Electric Kettle,Electronics,STR-ACC-01,Accra,Kwame Mensah,7,0,1540,0,1540,1050,490
TXN-1331,2025-08-21,PROD-003,"Smart TV 43""",Electronics,STR-KUM-02,Kumasi,Abena Boateng,7,0.05,22400,1120,21280,17500,3780
TXN-1332,2025-04-09,PROD-002,Cooking Oil 5L,Groceries,STR-ACC-01,Accra,Kwame Mensah,3,0.05,480,24,456,360,96
TXN-1333,2025-05-27,PROD-002,Cooking Oil 5L,Groceries,STR-ACC-01,Accra,Kwame Mensah,1,0.1,160,16,144,120,24
TXN-1334,2025-10-31,PROD-003,"Smart TV 43""",Electronics,STR-ACC-01,Accra,Kwame Mensah,4,0.25,12800,3200,9600,10000,-400
TXN-1335,2025-07-27,PROD-004,Electric Kettle,Electronics,STR-KUM-02,Kumasi,Abena Boateng,9,0.1,1980,198,1782,1350,432
TXN-1336,2025-05-11,PROD-004,Electric Kettle,Electronics,STR-ACC-01,Accra,Kwame Mensah,5,0.4,1100,440,660,750,-90
TXN-1337,2026-02-08,PROD-005,Organic Tomatoes,Fresh Produce,STR-KUM-02,Kumasi,Abena Boateng,1,0.25,25,6.25,18.75,15,3.75
TXN-1338,2025-06-01,PROD-005,Organic Tomatoes,Fresh Produce,STR-ACC-01,Accra,Kwame Mensah,5,0.05,125,6.25,118.75,75,43.75
TXN-1339,2025-02-23,PROD-006,Area Rug,Home Decor,STR-TAM-03,Tamale,Baba Iddrisu,8,0.15,6000,900,5100,3600,1500
TXN-1340,2025-04-30,PROD-006,Area Rug,Home Decor,STR-ACC-01,Accra,Kwame Mensah,8,0.1,6000,600,5400,3600,1800
TXN-1341,2025-06-10,PROD-001,Basmati Rice 5kg,Groceries,STR-ACC-01,Accra,Kwame Mensah,5,0,550,0,550,425,125
TXN-1342,2026-02-12,PROD-002,Cooking Oil 5L,Groceries,STR-TAM-03,Tamale,Baba Iddrisu,9,0.1,1440,144,1296,1080,216
TXN-1343,2025-04-26,PROD-005,Organic Tomatoes,Fresh Produce,STR-KUM-02,Kumasi,Abena Boateng,1,0,25,0,25,15,10
TXN-1344,2025-03-16,PROD-004,Electric Kettle,Electronics,STR-KUM-02,Kumasi,Abena Boateng,4,0.05,880,44,836,600,236
TXN-1345,2025-04-23,PROD-003,"Smart TV 43""",Electronics,STR-ACC-01,Accra,Kwame Mensah,3,0.1,9600,960,8640,7500,1140
TXN-1346,2026-02-24,PROD-004,Electric Kettle,Electronics,STR-TAM-03,Tamale,Baba Iddrisu,2,0,440,0,440,300,140
TXN-1347,2026-02-26,PROD-002,Cooking Oil 5L,Groceries,STR-KUM-02,Kumasi,Abena Boateng,8,0,1280,0,1280,960,320
TXN-1348,2025-04-14,PROD-006,Area Rug,Home Decor,STR-ACC-01,Accra,Kwame Mensah,7,0.25,5250,1312.5,3937.5,3150,787.5
TXN-1349,2025-12-06,PROD-004,Electric Kettle,Electronics,STR-TAM-03,Tamale,Baba Iddrisu,9,0.1,1980,198,1782,1350,432
TXN-1350,2025-09-11,PROD-001,Basmati Rice 5kg,Groceries,STR-KUM-02,Kumasi,Abena Boateng,2,0,220,0,220,170,50
TXN-1351,2025-08-15,PROD-002,Cooking Oil 5L,Groceries,STR-KUM-02,Kumasi,Abena Boateng,4,0.1,640,64,576,480,96
TXN-1352,2025-04-22,PROD-006,Area Rug,Home Decor,STR-TAM-03,Tamale,Baba Iddrisu,6,0.05,4500,225,4275,2700,1575
TXN-1353,2025-04-09,PROD-003,"Smart TV 43""",Electronics,STR-TAM-03,Tamale,Baba Iddrisu,11,0.05,35200,1760,33440,27500,5940
TXN-1354,2025-06-02,PROD-006,Area Rug,Home Decor,STR-TAM-03,Tamale,Baba Iddrisu,3,0.4,2250,900,1350,1350,0
TXN-1355,2025-12-15,PROD-001,Basmati Rice 5kg,Groceries,STR-TAM-03,Tamale,Baba Iddrisu,8,0.1,880,88,792,680,112
TXN-1356,2026-02-06,PROD-002,Cooking Oil 5L,Groceries,STR-ACC-01,Accra,Kwame Mensah,3,0,480,0,480,360,120
TXN-1357,2026-01-19,PROD-003,"Smart TV 43""",Electronics,STR-TAM-03,Tamale,Baba Iddrisu,2,0.15,6400,960,5440,5000,440
TXN-1358,2026-01-01,PROD-001,Basmati Rice 5kg,Groceries,STR-KUM-02,Kumasi,Abena Boateng,3,0.25,330,82.5,247.5,255,-7.5
TXN-1359,2025-12-04,PROD-006,Area Rug,Home Decor,STR-KUM-02,Kumasi,Abena Boateng,11,0,8250,0,8250,4950,3300
TXN-1360,2025-07-13,PROD-001,Basmati Rice 5kg,Groceries,STR-ACC-01,Accra,Kwame Mensah,6,0,660,0,660,510,150
TXN-1361,2025-11-06,PROD-002,Cooking Oil 5L,Groceries,STR-KUM-02,Kumasi,Abena Boateng,2,0,320,0,320,240,80
TXN-1362,2025-06-12,PROD-005,Organic Tomatoes,Fresh Produce,STR-KUM-02,Kumasi,Abena Boateng,8,0.1,200,20,180,120,60
TXN-1363,2025-07-27,PROD-001,Basmati Rice 5kg,Groceries,STR-TAM-03,Tamale,Baba Iddrisu,1,0.1,110,11,99,85,14
TXN-1364,2026-03-21,PROD-001,Basmati Rice 5kg,Groceries,STR-KUM-02,Kumasi,Abena Boateng,7,0.1,770,77,693,595,98
TXN-1365,2025-06-18,PROD-006,Area Rug,Home Decor,STR-ACC-01,Accra,Kwame Mensah,2,0.25,1500,375,1125,900,225
TXN-1366,2025-06-10,PROD-006,Area Rug,Home Decor,STR-TAM-03,Tamale,Baba Iddrisu,10,0.15,7500,1125,6375,4500,1875
TXN-1367,2025-03-09,PROD-003,"Smart TV 43""",Electronics,STR-TAM-03,Tamale,Baba Iddrisu,6,0,19200,0,19200,15000,4200
TXN-1368,2025-10-16,PROD-006,Area Rug,Home Decor,STR-ACC-01,Accra,Kwame Mensah,2,0,1500,0,1500,900,600
TXN-1369,2026-02-02,PROD-004,Electric Kettle,Electronics,STR-TAM-03,Tamale,Baba Iddrisu,2,0.05,440,22,418,300,118
TXN-1370,2025-10-04,PROD-002,Cooking Oil 5L,Groceries,STR-TAM-03,Tamale,Baba Iddrisu,10,0,1600,0,1600,1200,400
TXN-1371,2025-10-31,PROD-002,Cooking Oil 5L,Groceries,STR-ACC-01,Accra,Kwame Mensah,8,0.1,1280,128,1152,960,192
TXN-1372,2026-02-08,PROD-005,Organic Tomatoes,Fresh Produce,STR-TAM-03,Tamale,Baba Iddrisu,2,0.25,50,12.5,37.5,30,7.5
TXN-1373,2026-01-19,PROD-005,Organic Tomatoes,Fresh Produce,STR-ACC-01,Accra,Kwame Mensah,7,0,175,0,175,105,70
TXN-1374,2026-01-27,PROD-002,Cooking Oil 5L,Groceries,STR-ACC-01,Accra,Kwame Mensah,3,0.05,480,24,456,360,96
TXN-1375,2025-05-15,PROD-005,Organic Tomatoes,Fresh Produce,STR-KUM-02,Kumasi,Abena Boateng,8,0.15,200,30,170,120,50
TXN-1376,2025-07-14,PROD-003,"Smart TV 43""",Electronics,STR-KUM-02,Kumasi,Abena Boateng,7,0.05,22400,1120,21280,17500,3780
TXN-1377,2026-02-05,PROD-006,Area Rug,Home Decor,STR-TAM-03,Tamale,Baba Iddrisu,8,0,6000,0,6000,3600,2400
TXN-1378,2025-05-08,PROD-002,Cooking Oil 5L,Groceries,STR-TAM-03,Tamale,Baba Iddrisu,7,0.05,1120,56,1064,840,224
TXN-1379,2025-02-02,PROD-005,Organic Tomatoes,Fresh Produce,STR-ACC-01,Accra,Kwame Mensah,11,0,275,0,275,165,110
TXN-1380,2025-06-25,PROD-002,Cooking Oil 5L,Groceries,STR-TAM-03,Tamale,Baba Iddrisu,6,0.25,960,240,720,720,0
TXN-1381,2026-03-19,PROD-004,Electric Kettle,Electronics,STR-ACC-01,Accra,Kwame Mensah,7,0,1540,0,1540,1050,490
TXN-1382,2026-01-06,PROD-001,Basmati Rice 5kg,Groceries,STR-ACC-01,Accra,Kwame Mensah,5,0.05,550,27.5,522.5,425,97.5
TXN-1383,2026-01-10,PROD-006,Area Rug,Home Decor,STR-TAM-03,Tamale,Baba Iddrisu,7,0.05,5250,262.5,4987.5,3150,1837.5
TXN-1384,2025-01-22,PROD-002,Cooking Oil 5L,Groceries,STR-ACC-01,Accra,Kwame Mensah,1,0.4,160,64,96,120,-24
TXN-1385,2025-08-26,PROD-001,Basmati Rice 5kg,Groceries,STR-KUM-02,Kumasi,Abena Boateng,1,0,110,0,110,85,25
TXN-1386,2025-06-07,PROD-005,Organic Tomatoes,Fresh Produce,STR-TAM-03,Tamale,Baba Iddrisu,9,0,225,0,225,135,90
TXN-1387,2025-02-07,PROD-001,Basmati Rice 5kg,Groceries,STR-KUM-02,Kumasi,Abena Boateng,5,0,550,0,550,425,125
TXN-1388,2025-08-18,PROD-006,Area Rug,Home Decor,STR-TAM-03,Tamale,Baba Iddrisu,5,0,3750,0,3750,2250,1500
TXN-1389,2025-12-31,PROD-002,Cooking Oil 5L,Groceries,STR-ACC-01,Accra,Kwame Mensah,3,0,480,0,480,360,120
TXN-1390,2025-02-20,PROD-004,Electric Kettle,Electronics,STR-TAM-03,Tamale,Baba Iddrisu,5,0.1,1100,110,990,750,240
TXN-1391,2026-03-14,PROD-005,Organic Tomatoes,Fresh Produce,STR-KUM-02,Kumasi,Abena Boateng,3,0,75,0,75,45,30
TXN-1392,2025-09-21,PROD-002,Cooking Oil 5L,Groceries,STR-ACC-01,Accra,Kwame Mensah,9,0,1440,0,1440,1080,360
TXN-1393,2025-10-10,PROD-006,Area Rug,Home Decor,STR-TAM-03,Tamale,Baba Iddrisu,9,0.15,6750,1012.5,5737.5,4050,1687.5
TXN-1394,2025-01-27,PROD-005,Organic Tomatoes,Fresh Produce,STR-TAM-03,Tamale,Baba Iddrisu,6,0,150,0,150,90,60
TXN-1395,2025-08-14,PROD-003,"Smart TV 43""",Electronics,STR-TAM-03,Tamale,Baba Iddrisu,1,0,3200,0,3200,2500,700
TXN-1396,2025-10-04,PROD-001,Basmati Rice 5kg,Groceries,STR-KUM-02,Kumasi,Abena Boateng,7,0,770,0,770,595,175
TXN-1397,2025-10-13,PROD-006,Area Rug,Home Decor,STR-KUM-02,Kumasi,Abena Boateng,7,0.4,5250,2100,3150,3150,0
TXN-1398,2025-04-07,PROD-003,"Smart TV 43""",Electronics,STR-TAM-03,Tamale,Baba Iddrisu,10,0,32000,0,32000,25000,7000
TXN-1399,2025-10-11,PROD-002,Cooking Oil 5L,Groceries,STR-ACC-01,Accra,Kwame Mensah,10,0.25,1600,400,1200,1200,0
TXN-1400,2026-01-02,PROD-004,Electric Kettle,Electronics,STR-ACC-01,Accra,Kwame Mensah,4,0.15,880,132,748,600,148
TXN-1401,2026-03-24,PROD-005,Organic Tomatoes,Fresh Produce,STR-KUM-02,Kumasi,Abena Boateng,8,0,200,0,200,120,80
TXN-1402,2025-11-13,PROD-001,Basmati Rice 5kg,Groceries,STR-ACC-01,Accra,Kwame Mensah,6,0.4,660,264,396,510,-114
TXN-1403,2025-10-31,PROD-005,Organic Tomatoes,Fresh Produce,STR-KUM-02,Kumasi,Abena Boateng,4,0,100,0,100,60,40
TXN-1404,2025-05-27,PROD-002,Cooking Oil 5L,Groceries,STR-TAM-03,Tamale,Baba Iddrisu,4,0,640,0,640,480,160
TXN-1405,2025-01-04,PROD-005,Organic Tomatoes,Fresh Produce,STR-KUM-02,Kumasi,Abena Boateng,2,0.15,50,7.5,42.5,30,12.5
TXN-1406,2025-02-04,PROD-001,Basmati Rice 5kg,Groceries,STR-KUM-02,Kumasi,Abena Boateng,2,0.1,220,22,198,170,28
TXN-1407,2025-07-11,PROD-002,Cooking Oil 5L,Groceries,STR-TAM-03,Tamale,Baba Iddrisu,4,0.1,640,64,576,480,96
TXN-1408,2025-02-18,PROD-005,Organic Tomatoes,Fresh Produce,STR-ACC-01,Accra,Kwame Mensah,5,0,125,0,125,75,50
TXN-1409,2025-01-17,PROD-004,Electric Kettle,Electronics,STR-KUM-02,Kumasi,Abena Boateng,8,0.05,1760,88,1672,1200,472
TXN-1410,2025-06-21,PROD-006,Area Rug,Home Decor,STR-KUM-02,Kumasi,Abena Boateng,6,0.15,4500,675,3825,2700,1125
TXN-1411,2025-08-08,PROD-002,Cooking Oil 5L,Groceries,STR-TAM-03,Tamale,Baba Iddrisu,4,0,640,0,640,480,160
TXN-1412,2025-06-07,PROD-006,Area Rug,Home Decor,STR-ACC-01,Accra,Kwame Mensah,11,0,8250,0,8250,4950,3300
TXN-1413,2025-02-15,PROD-002,Cooking Oil 5L,Groceries,STR-KUM-02,Kumasi,Abena Boateng,7,0,1120,0,1120,840,280
TXN-1414,2026-01-08,PROD-004,Electric Kettle,Electronics,STR-TAM-03,Tamale,Baba Iddrisu,8,0,1760,0,1760,1200,560
TXN-1415,2025-01-06,PROD-006,Area Rug,Home Decor,STR-KUM-02,Kumasi,Abena Boateng,2,0.25,1500,375,1125,900,225
TXN-1416,2025-04-09,PROD-003,"Smart TV 43""",Electronics,STR-TAM-03,Tamale,Baba Iddrisu,7,0.05,22400,1120,21280,17500,3780
TXN-1417,2026-01-15,PROD-001,Basmati Rice 5kg,Groceries,STR-ACC-01,Accra,Kwame Mensah,2,0.4,220,88,132,170,-38
TXN-1418,2025-08-21,PROD-003,"Smart TV 43""",Electronics,STR-ACC-01,Accra,Kwame Mensah,2,0,6400,0,6400,5000,1400
TXN-1419,2025-02-06,PROD-005,Organic Tomatoes,Fresh Produce,STR-ACC-01,Accra,Kwame Mensah,8,0.1,200,20,180,120,60
TXN-1420,2025-10-07,PROD-004,Electric Kettle,Electronics,STR-ACC-01,Accra,Kwame Mensah,2,0,440,0,440,300,140
TXN-1421,2025-12-15,PROD-003,"Smart TV 43""",Electronics,STR-KUM-02,Kumasi,Abena Boateng,11,0,35200,0,35200,27500,7700
TXN-1422,2025-10-29,PROD-002,Cooking Oil 5L,Groceries,STR-KUM-02,Kumasi,Abena Boateng,9,0,1440,0,1440,1080,360
TXN-1423,2025-06-30,PROD-005,Organic Tomatoes,Fresh Produce,STR-ACC-01,Accra,Kwame Mensah,1,0,25,0,25,15,10
TXN-1424,2025-04-05,PROD-005,Organic Tomatoes,Fresh Produce,STR-ACC-01,Accra,Kwame Mensah,9,0.05,225,11.25,213.75,135,78.75
TXN-1425,2025-04-09,PROD-003,"Smart TV 43""",Electronics,STR-ACC-01,Accra,Kwame Mensah,1,0.4,3200,1280,1920,2500,-580
TXN-1426,2025-07-07,PROD-003,"Smart TV 43""",Electronics,STR-KUM-02,Kumasi,Abena Boateng,10,0.1,32000,3200,28800,25000,3800
TXN-1427,2025-04-26,PROD-004,Electric Kettle,Electronics,STR-ACC-01,Accra,Kwame Mensah,10,0,2200,0,2200,1500,700
TXN-1428,2025-07-10,PROD-001,Basmati Rice 5kg,Groceries,STR-ACC-01,Accra,Kwame Mensah,2,0,220,0,220,170,50
TXN-1429,2025-09-10,PROD-003,"Smart TV 43""",Electronics,STR-ACC-01,Accra,Kwame Mensah,6,0,19200,0,19200,15000,4200
TXN-1430,2026-02-20,PROD-003,"Smart TV 43""",Electronics,STR-TAM-03,Tamale,Baba Iddrisu,6,0.05,19200,960,18240,15000,3240
TXN-1431,2025-06-10,PROD-006,Area Rug,Home Decor,STR-ACC-01,Accra,Kwame Mensah,1,0.15,750,112.5,637.5,450,187.5
TXN-1432,2025-09-13,PROD-002,Cooking Oil 5L,Groceries,STR-TAM-03,Tamale,Baba Iddrisu,7,0.25,1120,280,840,840,0
TXN-1433,2025-11-19,PROD-006,Area Rug,Home Decor,STR-TAM-03,Tamale,Baba Iddrisu,8,0,6000,0,6000,3600,2400
TXN-1434,2025-05-08,PROD-006,Area Rug,Home Decor,STR-ACC-01,Accra,Kwame Mensah,2,0.05,1500,75,1425,900,525
TXN-1435,2025-01-18,PROD-005,Organic Tomatoes,Fresh Produce,STR-TAM-03,Tamale,Baba Iddrisu,8,0.05,200,10,190,120,70
TXN-1436,2025-10-08,PROD-001,Basmati Rice 5kg,Groceries,STR-ACC-01,Accra,Kwame Mensah,9,0.1,990,99,891,765,126
TXN-1437,2025-08-11,PROD-002,Cooking Oil 5L,Groceries,STR-KUM-02,Kumasi,Abena Boateng,6,0.05,960,48,912,720,192
TXN-1438,2025-02-23,PROD-004,Electric Kettle,Electronics,STR-KUM-02,Kumasi,Abena Boateng,5,0.1,1100,110,990,750,240
TXN-1439,2025-02-27,PROD-004,Electric Kettle,Electronics,STR-KUM-02,Kumasi,Abena Boateng,9,0.1,1980,198,1782,1350,432
TXN-1440,2025-11-19,PROD-003,"Smart TV 43""",Electronics,STR-KUM-02,Kumasi,Abena Boateng,11,0,35200,0,35200,27500,7700
TXN-1441,2025-12-26,PROD-003,"Smart TV 43""",Electronics,STR-TAM-03,Tamale,Baba Iddrisu,9,0.15,28800,4320,24480,22500,1980
TXN-1442,2025-06-23,PROD-004,Electric Kettle,Electronics,STR-ACC-01,Accra,Kwame Mensah,1,0,220,0,220,150,70
TXN-1443,2025-10-07,PROD-003,"Smart TV 43""",Electronics,STR-ACC-01,Accra,Kwame Mensah,11,0.1,35200,3520,31680,27500,4180
TXN-1444,2025-04-24,PROD-001,Basmati Rice 5kg,Groceries,STR-ACC-01,Accra,Kwame Mensah,3,0.05,330,16.5,313.5,255,58.5
TXN-1445,2025-10-15,PROD-006,Area Rug,Home Decor,STR-KUM-02,Kumasi,Abena Boateng,9,0.05,6750,337.5,6412.5,4050,2362.5
TXN-1446,2026-03-07,PROD-003,"Smart TV 43""",Electronics,STR-KUM-02,Kumasi,Abena Boateng,11,0.25,35200,8800,26400,27500,-1100
TXN-1447,2025-12-08,PROD-005,Organic Tomatoes,Fresh Produce,STR-ACC-01,Accra,Kwame Mensah,2,0.25,50,12.5,37.5,30,7.5
TXN-1448,2025-05-31,PROD-003,"Smart TV 43""",Electronics,STR-KUM-02,Kumasi,Abena Boateng,4,0.15,12800,1920,10880,10000,880
TXN-1449,2026-03-26,PROD-002,Cooking Oil 5L,Groceries,STR-ACC-01,Accra,Kwame Mensah,4,0.05,640,32,608,480,128
TXN-1450,2025-05-07,PROD-001,Basmati Rice 5kg,Groceries,STR-ACC-01,Accra,Kwame Mensah,2,0.1,220,22,198,170,28
TXN-1451,2025-06-04,PROD-002,Cooking Oil 5L,Groceries,STR-ACC-01,Accra,Kwame Mensah,3,0.05,480,24,456,360,96
TXN-1452,2026-01-21,PROD-002,Cooking Oil 5L,Groceries,STR-ACC-01,Accra,Kwame Mensah,3,0.25,480,120,360,360,0
TXN-1453,2025-09-30,PROD-005,Organic Tomatoes,Fresh Produce,STR-ACC-01,Accra,Kwame Mensah,1,0.05,25,1.25,23.75,15,8.75
TXN-1454,2025-04-14,PROD-001,Basmati Rice 5kg,Groceries,STR-ACC-01,Accra,Kwame Mensah,6,0.4,660,264,396,510,-114
TXN-1455,2026-02-21,PROD-001,Basmati Rice 5kg,Groceries,STR-ACC-01,Accra,Kwame Mensah,8,0.25,880,220,660,680,-20
TXN-1456,2026-01-28,PROD-001,Basmati Rice 5kg,Groceries,STR-KUM-02,Kumasi,Abena Boateng,3,0.1,330,33,297,255,42
TXN-1457,2025-10-26,PROD-001,Basmati Rice 5kg,Groceries,STR-ACC-01,Accra,Kwame Mensah,5,0,550,0,550,425,125
TXN-1458,2025-09-03,PROD-001,Basmati Rice 5kg,Groceries,STR-ACC-01,Accra,Kwame Mensah,1,0,110,0,110,85,25
TXN-1459,2025-06-25,PROD-005,Organic Tomatoes,Fresh Produce,STR-KUM-02,Kumasi,Abena Boateng,10,0.25,250,62.5,187.5,150,37.5
TXN-1460,2025-02-08,PROD-003,"Smart TV 43""",Electronics,STR-KUM-02,Kumasi,Abena Boateng,7,0,22400,0,22400,17500,4900
TXN-1461,2025-06-19,PROD-002,Cooking Oil 5L,Groceries,STR-KUM-02,Kumasi,Abena Boateng,10,0.25,1600,400,1200,1200,0
TXN-1462,2025-09-04,PROD-001,Basmati Rice 5kg,Groceries,STR-ACC-01,Accra,Kwame Mensah,1,0.05,110,5.5,104.5,85,19.5
TXN-1463,2025-01-26,PROD-003,"Smart TV 43""",Electronics,STR-TAM-03,Tamale,Baba Iddrisu,11,0.05,35200,1760,33440,27500,5940
TXN-1464,2025-12-21,PROD-003,"Smart TV 43""",Electronics,STR-TAM-03,Tamale,Baba Iddrisu,9,0.25,28800,7200,21600,22500,-900
TXN-1465,2025-11-02,PROD-002,Cooking Oil 5L,Groceries,STR-KUM-02,Kumasi,Abena Boateng,8,0.1,1280,128,1152,960,192
TXN-1466,2026-02-13,PROD-005,Organic Tomatoes,Fresh Produce,STR-TAM-03,Tamale,Baba Iddrisu,7,0.05,175,8.75,166.25,105,61.25
TXN-1467,2026-02-12,PROD-004,Electric Kettle,Electronics,STR-KUM-02,Kumasi,Abena Boateng,10,0.05,2200,110,2090,1500,590
TXN-1468,2025-01-13,PROD-004,Electric Kettle,Electronics,STR-ACC-01,Accra,Kwame Mensah,7,0,1540,0,1540,1050,490
TXN-1469,2025-11-12,PROD-003,"Smart TV 43""",Electronics,STR-TAM-03,Tamale,Baba Iddrisu,5,0.15,16000,2400,13600,12500,1100
TXN-1470,2026-01-26,PROD-006,Area Rug,Home Decor,STR-ACC-01,Accra,Kwame Mensah,5,0,3750,0,3750,2250,1500
TXN-1471,2025-11-09,PROD-006,Area Rug,Home Decor,STR-TAM-03,Tamale,Baba Iddrisu,11,0.25,8250,2062.5,6187.5,4950,1237.5
TXN-1472,2025-02-05,PROD-002,Cooking Oil 5L,Groceries,STR-ACC-01,Accra,Kwame Mensah,5,0.25,800,200,600,600,0
TXN-1473,2025-06-22,PROD-004,Electric Kettle,Electronics,STR-TAM-03,Tamale,Baba Iddrisu,1,0,220,0,220,150,70
TXN-1474,2025-01-20,PROD-003,"Smart TV 43""",Electronics,STR-ACC-01,Accra,Kwame Mensah,8,0.1,25600,2560,23040,20000,3040
TXN-1475,2025-11-17,PROD-005,Organic Tomatoes,Fresh Produce,STR-ACC-01,Accra,Kwame Mensah,11,0.05,275,13.75,261.25,165,96.25
TXN-1476,2025-09-21,PROD-004,Electric Kettle,Electronics,STR-TAM-03,Tamale,Baba Iddrisu,1,0,220,0,220,150,70
TXN-1477,2026-02-04,PROD-003,"Smart TV 43""",Electronics,STR-ACC-01,Accra,Kwame Mensah,4,0.4,12800,5120,7680,10000,-2320
TXN-1478,2025-05-22,PROD-003,"Smart TV 43""",Electronics,STR-ACC-01,Accra,Kwame Mensah,9,0,28800,0,28800,22500,6300
TXN-1479,2026-01-06,PROD-001,Basmati Rice 5kg,Groceries,STR-ACC-01,Accra,Kwame Mensah,9,0,990,0,990,765,225
TXN-1480,2025-05-23,PROD-005,Organic Tomatoes,Fresh Produce,STR-TAM-03,Tamale,Baba Iddrisu,5,0.05,125,6.25,118.75,75,43.75
TXN-1481,2025-04-02,PROD-001,Basmati Rice 5kg,Groceries,STR-TAM-03,Tamale,Baba Iddrisu,4,0.05,440,22,418,340,78
TXN-1482,2025-12-20,PROD-002,Cooking Oil 5L,Groceries,STR-ACC-01,Accra,Kwame Mensah,3,0.05,480,24,456,360,96
TXN-1483,2025-11-18,PROD-001,Basmati Rice 5kg,Groceries,STR-ACC-01,Accra,Kwame Mensah,3,0.15,330,49.5,280.5,255,25.5
TXN-1484,2025-10-15,PROD-001,Basmati Rice 5kg,Groceries,STR-TAM-03,Tamale,Baba Iddrisu,5,0.1,550,55,495,425,70
TXN-1485,2025-08-03,PROD-004,Electric Kettle,Electronics,STR-TAM-03,Tamale,Baba Iddrisu,10,0.1,2200,220,1980,1500,480
TXN-1486,2026-03-23,PROD-006,Area Rug,Home Decor,STR-ACC-01,Accra,Kwame Mensah,1,0,750,0,750,450,300
TXN-1487,2025-12-08,PROD-003,"Smart TV 43""",Electronics,STR-ACC-01,Accra,Kwame Mensah,5,0,16000,0,16000,12500,3500
TXN-1488,2025-02-20,PROD-005,Organic Tomatoes,Fresh Produce,STR-ACC-01,Accra,Kwame Mensah,6,0,150,0,150,90,60
TXN-1489,2025-06-02,PROD-001,Basmati Rice 5kg,Groceries,STR-KUM-02,Kumasi,Abena Boateng,7,0,770,0,770,595,175
TXN-1490,2025-07-05,PROD-005,Organic Tomatoes,Fresh Produce,STR-TAM-03,Tamale,Baba Iddrisu,9,0.05,225,11.25,213.75,135,78.75
TXN-1491,2025-03-04,PROD-006,Area Rug,Home Decor,STR-KUM-02,Kumasi,Abena Boateng,3,0,2250,0,2250,1350,900
TXN-1492,2025-07-09,PROD-006,Area Rug,Home Decor,STR-TAM-03,Tamale,Baba Iddrisu,2,0,1500,0,1500,900,600
TXN-1493,2025-05-05,PROD-001,Basmati Rice 5kg,Groceries,STR-TAM-03,Tamale,Baba Iddrisu,3,0,330,0,330,255,75
TXN-1494,2025-05-30,PROD-002,Cooking Oil 5L,Groceries,STR-TAM-03,Tamale,Baba Iddrisu,9,0.25,1440,360,1080,1080,0
TXN-1495,2025-11-10,PROD-001,Basmati Rice 5kg,Groceries,STR-TAM-03,Tamale,Baba Iddrisu,7,0.25,770,192.5,577.5,595,-17.5
TXN-1496,2025-02-27,PROD-004,Electric Kettle,Electronics,STR-TAM-03,Tamale,Baba Iddrisu,9,0.1,1980,198,1782,1350,432
TXN-1497,2025-12-08,PROD-003,"Smart TV 43""",Electronics,STR-TAM-03,Tamale,Baba Iddrisu,2,0.25,6400,1600,4800,5000,-200
TXN-1498,2025-11-01,PROD-002,Cooking Oil 5L,Groceries,STR-TAM-03,Tamale,Baba Iddrisu,5,0.15,800,120,680,600,80
TXN-1499,2025-06-29,PROD-001,Basmati Rice 5kg,Groceries,STR-KUM-02,Kumasi,Abena Boateng,4,0.05,440,22,418,340,78
TXN-1500,2025-06-19,PROD-005,Organic Tomatoes,Fresh Produce,STR-ACC-01,Accra,Kwame Mensah,2,0,50,0,50,30,20
TXN-1501,2025-11-22,PROD-002,Cooking Oil 5L,Groceries,STR-ACC-01,Accra,Kwame Mensah,9,0.15,1440,216,1224,1080,144
TXN-1502,2025-09-28,PROD-002,Cooking Oil 5L,Groceries,STR-KUM-02,Kumasi,Abena Boateng,9,0.1,1440,144,1296,1080,216
TXN-1503,2025-02-23,PROD-001,Basmati Rice 5kg,Groceries,STR-KUM-02,Kumasi,Abena Boateng,6,0.1,660,66,594,510,84
TXN-1504,2026-03-20,PROD-002,Cooking Oil 5L,Groceries,STR-KUM-02,Kumasi,Abena Boateng,11,0.15,1760,264,1496,1320,176
TXN-1505,2025-04-11,PROD-005,Organic Tomatoes,Fresh Produce,STR-KUM-02,Kumasi,Abena Boateng,6,0.05,150,7.5,142.5,90,52.5
TXN-1506,2025-09-21,PROD-006,Area Rug,Home Decor,STR-TAM-03,Tamale,Baba Iddrisu,8,0.1,6000,600,5400,3600,1800
TXN-1507,2025-02-22,PROD-002,Cooking Oil 5L,Groceries,STR-ACC-01,Accra,Kwame Mensah,6,0.25,960,240,720,720,0
TXN-1508,2025-03-01,PROD-006,Area Rug,Home Decor,STR-TAM-03,Tamale,Baba Iddrisu,1,0,750,0,750,450,300
TXN-1509,2025-04-18,PROD-005,Organic Tomatoes,Fresh Produce,STR-ACC-01,Accra,Kwame Mensah,4,0.1,100,10,90,60,30
TXN-1510,2025-01-05,PROD-001,Basmati Rice 5kg,Groceries,STR-ACC-01,Accra,Kwame Mensah,7,0.05,770,38.5,731.5,595,136.5
TXN-1511,2025-04-13,PROD-003,"Smart TV 43""",Electronics,STR-KUM-02,Kumasi,Abena Boateng,2,0.1,6400,640,5760,5000,760
TXN-1512,2025-07-15,PROD-002,Cooking Oil 5L,Groceries,STR-TAM-03,Tamale,Baba Iddrisu,9,0.15,1440,216,1224,1080,144
TXN-1513,2025-09-19,PROD-003,"Smart TV 43""",Electronics,STR-KUM-02,Kumasi,Abena Boateng,8,0,25600,0,25600,20000,5600
TXN-1514,2025-12-31,PROD-005,Organic Tomatoes,Fresh Produce,STR-TAM-03,Tamale,Baba Iddrisu,8,0.1,200,20,180,120,60
TXN-1515,2026-01-07,PROD-002,Cooking Oil 5L,Groceries,STR-ACC-01,Accra,Kwame Mensah,7,0,1120,0,1120,840,280
TXN-1516,2025-12-16,PROD-006,Area Rug,Home Decor,STR-KUM-02,Kumasi,Abena Boateng,4,0.1,3000,300,2700,1800,900
TXN-1517,2025-02-16,PROD-004,Electric Kettle,Electronics,STR-KUM-02,Kumasi,Abena Boateng,2,0.05,440,22,418,300,118
TXN-1518,2025-12-21,PROD-003,"Smart TV 43""",Electronics,STR-ACC-01,Accra,Kwame Mensah,3,0.15,9600,1440,8160,7500,660
TXN-1519,2025-11-07,PROD-002,Cooking Oil 5L,Groceries,STR-ACC-01,Accra,Kwame Mensah,6,0,960,0,960,720,240
TXN-1520,2026-02-28,PROD-003,"Smart TV 43""",Electronics,STR-ACC-01,Accra,Kwame Mensah,5,0.1,16000,1600,14400,12500,1900
TXN-1521,2025-11-04,PROD-002,Cooking Oil 5L,Groceries,STR-KUM-02,Kumasi,Abena Boateng,8,0,1280,0,1280,960,320
TXN-1522,2025-05-24,PROD-001,Basmati Rice 5kg,Groceries,STR-TAM-03,Tamale,Baba Iddrisu,6,0.25,660,165,495,510,-15
TXN-1523,2025-09-26,PROD-006,Area Rug,Home Decor,STR-KUM-02,Kumasi,Abena Boateng,6,0.25,4500,1125,3375,2700,675
TXN-1524,2026-01-05,PROD-003,"Smart TV 43""",Electronics,STR-TAM-03,Tamale,Baba Iddrisu,1,0.4,3200,1280,1920,2500,-580
TXN-1525,2025-05-04,PROD-004,Electric Kettle,Electronics,STR-KUM-02,Kumasi,Abena Boateng,4,0.15,880,132,748,600,148
TXN-1526,2025-04-16,PROD-004,Electric Kettle,Electronics,STR-KUM-02,Kumasi,Abena Boateng,5,0.15,1100,165,935,750,185
TXN-1527,2025-06-07,PROD-005,Organic Tomatoes,Fresh Produce,STR-ACC-01,Accra,Kwame Mensah,11,0,275,0,275,165,110
TXN-1528,2025-05-27,PROD-002,Cooking Oil 5L,Groceries,STR-TAM-03,Tamale,Baba Iddrisu,3,0,480,0,480,360,120
TXN-1529,2025-05-25,PROD-003,"Smart TV 43""",Electronics,STR-KUM-02,Kumasi,Abena Boateng,9,0.05,28800,1440,27360,22500,4860
TXN-1530,2025-04-30,PROD-005,Organic Tomatoes,Fresh Produce,STR-KUM-02,Kumasi,Abena Boateng,1,0.15,25,3.75,21.25,15,6.25
TXN-1531,2025-11-15,PROD-003,"Smart TV 43""",Electronics,STR-ACC-01,Accra,Kwame Mensah,6,0.25,19200,4800,14400,15000,-600
TXN-1532,2025-10-02,PROD-002,Cooking Oil 5L,Groceries,STR-ACC-01,Accra,Kwame Mensah,6,0,960,0,960,720,240
TXN-1533,2025-04-02,PROD-004,Electric Kettle,Electronics,STR-TAM-03,Tamale,Baba Iddrisu,10,0.25,2200,550,1650,1500,150
TXN-1534,2025-02-27,PROD-001,Basmati Rice 5kg,Groceries,STR-KUM-02,Kumasi,Abena Boateng,5,0.1,550,55,495,425,70
TXN-1535,2026-03-15,PROD-004,Electric Kettle,Electronics,STR-TAM-03,Tamale,Baba Iddrisu,5,0.1,1100,110,990,750,240
TXN-1536,2025-12-12,PROD-005,Organic Tomatoes,Fresh Produce,STR-KUM-02,Kumasi,Abena Boateng,10,0,250,0,250,150,100
TXN-1537,2025-08-17,PROD-006,Area Rug,Home Decor,STR-TAM-03,Tamale,Baba Iddrisu,5,0,3750,0,3750,2250,1500
TXN-1538,2025-04-27,PROD-001,Basmati Rice 5kg,Groceries,STR-ACC-01,Accra,Kwame Mensah,6,0.05,660,33,627,510,117
TXN-1539,2025-11-14,PROD-005,Organic Tomatoes,Fresh Produce,STR-KUM-02,Kumasi,Abena Boateng,8,0.1,200,20,180,120,60
TXN-1540,2025-10-06,PROD-002,Cooking Oil 5L,Groceries,STR-TAM-03,Tamale,Baba Iddrisu,2,0,320,0,320,240,80
TXN-1541,2025-05-07,PROD-001,Basmati Rice 5kg,Groceries,STR-ACC-01,Accra,Kwame Mensah,6,0.05,660,33,627,510,117
TXN-1542,2026-01-28,PROD-005,Organic Tomatoes,Fresh Produce,STR-ACC-01,Accra,Kwame Mensah,1,0.25,25,6.25,18.75,15,3.75
TXN-1543,2026-01-31,PROD-002,Cooking Oil 5L,Groceries,STR-TAM-03,Tamale,Baba Iddrisu,4,0.15,640,96,544,480,64
TXN-1544,2025-05-09,PROD-004,Electric Kettle,Electronics,STR-KUM-02,Kumasi,Abena Boateng,10,0.25,2200,550,1650,1500,150
TXN-1545,2025-02-27,PROD-006,Area Rug,Home Decor,STR-KUM-02,Kumasi,Abena Boateng,3,0,2250,0,2250,1350,900
TXN-1546,2025-05-02,PROD-002,Cooking Oil 5L,Groceries,STR-ACC-01,Accra,Kwame Mensah,9,0,1440,0,1440,1080,360
TXN-1547,2025-01-01,PROD-003,"Smart TV 43""",Electronics,STR-KUM-02,Kumasi,Abena Boateng,3,0.1,9600,960,8640,7500,1140
TXN-1548,2025-08-27,PROD-002,Cooking Oil 5L,Groceries,STR-KUM-02,Kumasi,Abena Boateng,6,0.05,960,48,912,720,192
TXN-1549,2025-10-17,PROD-002,Cooking Oil 5L,Groceries,STR-KUM-02,Kumasi,Abena Boateng,1,0,160,0,160,120,40
TXN-1550,2025-04-06,PROD-006,Area Rug,Home Decor,STR-ACC-01,Accra,Kwame Mensah,6,0,4500,0,4500,2700,1800
TXN-1551,2025-05-06,PROD-003,"Smart TV 43""",Electronics,STR-TAM-03,Tamale,Baba Iddrisu,4,0.05,12800,640,12160,10000,2160
TXN-1552,2025-04-28,PROD-005,Organic Tomatoes,Fresh Produce,STR-KUM-02,Kumasi,Abena Boateng,8,0,200,0,200,120,80
TXN-1553,2025-02-17,PROD-005,Organic Tomatoes,Fresh Produce,STR-ACC-01,Accra,Kwame Mensah,11,0,275,0,275,165,110
TXN-1554,2025-03-30,PROD-002,Cooking Oil 5L,Groceries,STR-ACC-01,Accra,Kwame Mensah,9,0,1440,0,1440,1080,360
TXN-1555,2025-08-25,PROD-003,"Smart TV 43""",Electronics,STR-TAM-03,Tamale,Baba Iddrisu,4,0,12800,0,12800,10000,2800
TXN-1556,2026-01-08,PROD-003,"Smart TV 43""",Electronics,STR-KUM-02,Kumasi,Abena Boateng,10,0.1,32000,3200,28800,25000,3800
TXN-1557,2026-01-20,PROD-006,Area Rug,Home Decor,STR-KUM-02,Kumasi,Abena Boateng,10,0.05,7500,375,7125,4500,2625
TXN-1558,2025-09-29,PROD-004,Electric Kettle,Electronics,STR-TAM-03,Tamale,Baba Iddrisu,6,0.1,1320,132,1188,900,288
TXN-1559,2025-07-08,PROD-005,Organic Tomatoes,Fresh Produce,STR-TAM-03,Tamale,Baba Iddrisu,1,0,25,0,25,15,10
TXN-1560,2025-07-11,PROD-006,Area Rug,Home Decor,STR-ACC-01,Accra,Kwame Mensah,4,0,3000,0,3000,1800,1200
TXN-1561,2026-03-23,PROD-001,Basmati Rice 5kg,Groceries,STR-ACC-01,Accra,Kwame Mensah,7,0.1,770,77,693,595,98
TXN-1562,2025-03-10,PROD-005,Organic Tomatoes,Fresh Produce,STR-TAM-03,Tamale,Baba Iddrisu,1,0.05,25,1.25,23.75,15,8.75
TXN-1563,2025-10-05,PROD-006,Area Rug,Home Decor,STR-KUM-02,Kumasi,Abena Boateng,8,0.05,6000,300,5700,3600,2100
TXN-1564,2025-12-15,PROD-005,Organic Tomatoes,Fresh Produce,STR-ACC-01,Accra,Kwame Mensah,10,0,250,0,250,150,100
TXN-1565,2025-09-04,PROD-004,Electric Kettle,Electronics,STR-ACC-01,Accra,Kwame Mensah,11,0.25,2420,605,1815,1650,165
TXN-1566,2025-03-17,PROD-001,Basmati Rice 5kg,Groceries,STR-KUM-02,Kumasi,Abena Boateng,6,0,660,0,660,510,150
TXN-1567,2025-06-03,PROD-004,Electric Kettle,Electronics,STR-ACC-01,Accra,Kwame Mensah,5,0.05,1100,55,1045,750,295
TXN-1568,2025-05-24,PROD-001,Basmati Rice 5kg,Groceries,STR-KUM-02,Kumasi,Abena Boateng,10,0.1,1100,110,990,850,140
TXN-1569,2026-03-11,PROD-002,Cooking Oil 5L,Groceries,STR-KUM-02,Kumasi,Abena Boateng,11,0.05,1760,88,1672,1320,352
TXN-1570,2025-03-27,PROD-006,Area Rug,Home Decor,STR-KUM-02,Kumasi,Abena Boateng,9,0,6750,0,6750,4050,2700
TXN-1571,2025-07-04,PROD-001,Basmati Rice 5kg,Groceries,STR-TAM-03,Tamale,Baba Iddrisu,2,0.05,220,11,209,170,39
TXN-1572,2025-10-12,PROD-004,Electric Kettle,Electronics,STR-TAM-03,Tamale,Baba Iddrisu,5,0.15,1100,165,935,750,185
TXN-1573,2025-08-08,PROD-005,Organic Tomatoes,Fresh Produce,STR-TAM-03,Tamale,Baba Iddrisu,6,0,150,0,150,90,60
TXN-1574,2025-03-10,PROD-001,Basmati Rice 5kg,Groceries,STR-KUM-02,Kumasi,Abena Boateng,7,0,770,0,770,595,175
TXN-1575,2025-02-16,PROD-006,Area Rug,Home Decor,STR-KUM-02,Kumasi,Abena Boateng,5,0,3750,0,3750,2250,1500
TXN-1576,2025-04-04,PROD-001,Basmati Rice 5kg,Groceries,STR-TAM-03,Tamale,Baba Iddrisu,9,0.15,990,148.5,841.5,765,76.5
TXN-1577,2025-08-26,PROD-003,"Smart TV 43""",Electronics,STR-ACC-01,Accra,Kwame Mensah,1,0,3200,0,3200,2500,700
TXN-1578,2026-03-22,PROD-005,Organic Tomatoes,Fresh Produce,STR-KUM-02,Kumasi,Abena Boateng,7,0.4,175,70,105,105,0
TXN-1579,2025-07-23,PROD-006,Area Rug,Home Decor,STR-ACC-01,Accra,Kwame Mensah,10,0.05,7500,375,7125,4500,2625
TXN-1580,2026-02-04,PROD-006,Area Rug,Home Decor,STR-ACC-01,Accra,Kwame Mensah,7,0.4,5250,2100,3150,3150,0
TXN-1581,2025-08-06,PROD-002,Cooking Oil 5L,Groceries,STR-KUM-02,Kumasi,Abena Boateng,4,0.25,640,160,480,480,0
TXN-1582,2026-03-08,PROD-004,Electric Kettle,Electronics,STR-KUM-02,Kumasi,Abena Boateng,9,0.05,1980,99,1881,1350,531
TXN-1583,2025-12-07,PROD-002,Cooking Oil 5L,Groceries,STR-ACC-01,Accra,Kwame Mensah,11,0,1760,0,1760,1320,440
TXN-1584,2025-02-08,PROD-006,Area Rug,Home Decor,STR-ACC-01,Accra,Kwame Mensah,5,0,3750,0,3750,2250,1500
TXN-1585,2025-04-10,PROD-005,Organic Tomatoes,Fresh Produce,STR-TAM-03,Tamale,Baba Iddrisu,4,0,100,0,100,60,40
TXN-1586,2025-10-16,PROD-001,Basmati Rice 5kg,Groceries,STR-TAM-03,Tamale,Baba Iddrisu,7,0.1,770,77,693,595,98
TXN-1587,2025-09-11,PROD-001,Basmati Rice 5kg,Groceries,STR-KUM-02,Kumasi,Abena Boateng,4,0,440,0,440,340,100
TXN-1588,2025-08-10,PROD-005,Organic Tomatoes,Fresh Produce,STR-TAM-03,Tamale,Baba Iddrisu,3,0,75,0,75,45,30
TXN-1589,2025-12-23,PROD-006,Area Rug,Home Decor,STR-TAM-03,Tamale,Baba Iddrisu,9,0.05,6750,337.5,6412.5,4050,2362.5
TXN-1590,2025-01-23,PROD-001,Basmati Rice 5kg,Groceries,STR-TAM-03,Tamale,Baba Iddrisu,11,0.25,1210,302.5,907.5,935,-27.5
TXN-1591,2025-09-07,PROD-001,Basmati Rice 5kg,Groceries,STR-TAM-03,Tamale,Baba Iddrisu,8,0,880,0,880,680,200
TXN-1592,2025-01-10,PROD-001,Basmati Rice 5kg,Groceries,STR-ACC-01,Accra,Kwame Mensah,1,0,110,0,110,85,25
TXN-1593,2025-09-03,PROD-004,Electric Kettle,Electronics,STR-KUM-02,Kumasi,Abena Boateng,7,0,1540,0,1540,1050,490
TXN-1594,2025-11-21,PROD-004,Electric Kettle,Electronics,STR-TAM-03,Tamale,Baba Iddrisu,9,0.25,1980,495,1485,1350,135
TXN-1595,2025-04-10,PROD-003,"Smart TV 43""",Electronics,STR-ACC-01,Accra,Kwame Mensah,8,0.1,25600,2560,23040,20000,3040
TXN-1596,2025-10-17,PROD-002,Cooking Oil 5L,Groceries,STR-ACC-01,Accra,Kwame Mensah,8,0,1280,0,1280,960,320
TXN-1597,2025-06-29,PROD-005,Organic Tomatoes,Fresh Produce,STR-ACC-01,Accra,Kwame Mensah,6,0,150,0,150,90,60
TXN-1598,2025-08-11,PROD-005,Organic Tomatoes,Fresh Produce,STR-TAM-03,Tamale,Baba Iddrisu,11,0,275,0,275,165,110
TXN-1599,2026-01-29,PROD-005,Organic Tomatoes,Fresh Produce,STR-TAM-03,Tamale,Baba Iddrisu,4,0,100,0,100,60,40
TXN-1600,2025-09-07,PROD-003,"Smart TV 43""",Electronics,STR-KUM-02,Kumasi,Abena Boateng,8,0.25,25600,6400,19200,20000,-800
TXN-1601,2025-05-27,PROD-004,Electric Kettle,Electronics,STR-TAM-03,Tamale,Baba Iddrisu,3,0.15,660,99,561,450,111
TXN-1602,2026-03-18,PROD-006,Area Rug,Home Decor,STR-TAM-03,Tamale,Baba Iddrisu,9,0.05,6750,337.5,6412.5,4050,2362.5
TXN-1603,2025-04-06,PROD-006,Area Rug,Home Decor,STR-ACC-01,Accra,Kwame Mensah,2,0.25,1500,375,1125,900,225
TXN-1604,2025-09-14,PROD-003,"Smart TV 43""",Electronics,STR-KUM-02,Kumasi,Abena Boateng,2,0,6400,0,6400,5000,1400
TXN-1605,2025-11-21,PROD-006,Area Rug,Home Decor,STR-TAM-03,Tamale,Baba Iddrisu,7,0.1,5250,525,4725,3150,1575
TXN-1606,2025-01-04,PROD-005,Organic Tomatoes,Fresh Produce,STR-TAM-03,Tamale,Baba Iddrisu,10,0.25,250,62.5,187.5,150,37.5
TXN-1607,2025-01-16,PROD-002,Cooking Oil 5L,Groceries,STR-ACC-01,Accra,Kwame Mensah,4,0,640,0,640,480,160
TXN-1608,2025-10-07,PROD-001,Basmati Rice 5kg,Groceries,STR-ACC-01,Accra,Kwame Mensah,10,0.15,1100,165,935,850,85
TXN-1609,2025-12-02,PROD-004,Electric Kettle,Electronics,STR-TAM-03,Tamale,Baba Iddrisu,8,0,1760,0,1760,1200,560
TXN-1610,2025-09-04,PROD-004,Electric Kettle,Electronics,STR-KUM-02,Kumasi,Abena Boateng,9,0,1980,0,1980,1350,630
TXN-1611,2025-09-15,PROD-003,"Smart TV 43""",Electronics,STR-KUM-02,Kumasi,Abena Boateng,7,0,22400,0,22400,17500,4900
TXN-1612,2026-01-19,PROD-004,Electric Kettle,Electronics,STR-ACC-01,Accra,Kwame Mensah,5,0.05,1100,55,1045,750,295
TXN-1613,2025-06-09,PROD-005,Organic Tomatoes,Fresh Produce,STR-ACC-01,Accra,Kwame Mensah,8,0.1,200,20,180,120,60
TXN-1614,2025-12-06,PROD-006,Area Rug,Home Decor,STR-TAM-03,Tamale,Baba Iddrisu,4,0.25,3000,750,2250,1800,450
TXN-1615,2025-06-01,PROD-005,Organic Tomatoes,Fresh Produce,STR-ACC-01,Accra,Kwame Mensah,2,0.1,50,5,45,30,15
TXN-1616,2026-01-31,PROD-003,"Smart TV 43""",Electronics,STR-TAM-03,Tamale,Baba Iddrisu,11,0.25,35200,8800,26400,27500,-1100
TXN-1617,2025-06-27,PROD-005,Organic Tomatoes,Fresh Produce,STR-KUM-02,Kumasi,Abena Boateng,6,0.15,150,22.5,127.5,90,37.5
TXN-1618,2025-06-12,PROD-006,Area Rug,Home Decor,STR-KUM-02,Kumasi,Abena Boateng,9,0,6750,0,6750,4050,2700
TXN-1619,2026-01-15,PROD-002,Cooking Oil 5L,Groceries,STR-TAM-03,Tamale,Baba Iddrisu,1,0.05,160,8,152,120,32
TXN-1620,2025-02-02,PROD-003,"Smart TV 43""",Electronics,STR-ACC-01,Accra,Kwame Mensah,11,0,35200,0,35200,27500,7700
TXN-1621,2026-02-21,PROD-002,Cooking Oil 5L,Groceries,STR-KUM-02,Kumasi,Abena Boateng,10,0.1,1600,160,1440,1200,240
TXN-1622,2026-03-21,PROD-001,Basmati Rice 5kg,Groceries,STR-ACC-01,Accra,Kwame Mensah,7,0.25,770,192.5,577.5,595,-17.5
TXN-1623,2025-06-28,PROD-002,Cooking Oil 5L,Groceries,STR-KUM-02,Kumasi,Abena Boateng,10,0,1600,0,1600,1200,400
TXN-1624,2026-03-03,PROD-001,Basmati Rice 5kg,Groceries,STR-TAM-03,Tamale,Baba Iddrisu,9,0.1,990,99,891,765,126
TXN-1625,2025-04-11,PROD-001,Basmati Rice 5kg,Groceries,STR-TAM-03,Tamale,Baba Iddrisu,10,0.1,1100,110,990,850,140
TXN-1626,2025-09-25,PROD-002,Cooking Oil 5L,Groceries,STR-TAM-03,Tamale,Baba Iddrisu,9,0.05,1440,72,1368,1080,288
TXN-1627,2025-11-19,PROD-003,"Smart TV 43""",Electronics,STR-KUM-02,Kumasi,Abena Boateng,10,0,32000,0,32000,25000,7000
TXN-1628,2025-03-06,PROD-006,Area Rug,Home Decor,STR-ACC-01,Accra,Kwame Mensah,11,0,8250,0,8250,4950,3300
TXN-1629,2026-02-21,PROD-005,Organic Tomatoes,Fresh Produce,STR-ACC-01,Accra,Kwame Mensah,3,0,75,0,75,45,30
TXN-1630,2025-06-17,PROD-005,Organic Tomatoes,Fresh Produce,STR-ACC-01,Accra,Kwame Mensah,11,0,275,0,275,165,110
TXN-1631,2025-11-26,PROD-006,Area Rug,Home Decor,STR-KUM-02,Kumasi,Abena Boateng,5,0,3750,0,3750,2250,1500
TXN-1632,2025-02-12,PROD-001,Basmati Rice 5kg,Groceries,STR-KUM-02,Kumasi,Abena Boateng,8,0.05,880,44,836,680,156
TXN-1633,2025-02-13,PROD-001,Basmati Rice 5kg,Groceries,STR-KUM-02,Kumasi,Abena Boateng,8,0,880,0,880,680,200
TXN-1634,2025-10-12,PROD-003,"Smart TV 43""",Electronics,STR-KUM-02,Kumasi,Abena Boateng,4,0.25,12800,3200,9600,10000,-400
TXN-1635,2026-02-01,PROD-004,Electric Kettle,Electronics,STR-KUM-02,Kumasi,Abena Boateng,11,0.05,2420,121,2299,1650,649
TXN-1636,2025-01-12,PROD-002,Cooking Oil 5L,Groceries,STR-ACC-01,Accra,Kwame Mensah,11,0.1,1760,176,1584,1320,264
TXN-1637,2025-04-05,PROD-001,Basmati Rice 5kg,Groceries,STR-KUM-02,Kumasi,Abena Boateng,1,0.05,110,5.5,104.5,85,19.5
TXN-1638,2025-10-29,PROD-005,Organic Tomatoes,Fresh Produce,STR-KUM-02,Kumasi,Abena Boateng,1,0.05,25,1.25,23.75,15,8.75
TXN-1639,2026-01-21,PROD-003,"Smart TV 43""",Electronics,STR-ACC-01,Accra,Kwame Mensah,4,0.25,12800,3200,9600,10000,-400
TXN-1640,2025-09-10,PROD-002,Cooking Oil 5L,Groceries,STR-KUM-02,Kumasi,Abena Boateng,6,0,960,0,960,720,240
TXN-1641,2025-08-30,PROD-003,"Smart TV 43""",Electronics,STR-ACC-01,Accra,Kwame Mensah,8,0,25600,0,25600,20000,5600
TXN-1642,2025-02-04,PROD-002,Cooking Oil 5L,Groceries,STR-ACC-01,Accra,Kwame Mensah,6,0.15,960,144,816,720,96
TXN-1643,2025-08-03,PROD-002,Cooking Oil 5L,Groceries,STR-TAM-03,Tamale,Baba Iddrisu,9,0,1440,0,1440,1080,360
TXN-1644,2025-12-03,PROD-006,Area Rug,Home Decor,STR-TAM-03,Tamale,Baba Iddrisu,9,0,6750,0,6750,4050,2700
TXN-1645,2025-03-31,PROD-001,Basmati Rice 5kg,Groceries,STR-TAM-03,Tamale,Baba Iddrisu,2,0,220,0,220,170,50
TXN-1646,2025-09-21,PROD-003,"Smart TV 43""",Electronics,STR-TAM-03,Tamale,Baba Iddrisu,10,0,32000,0,32000,25000,7000
TXN-1647,2025-04-03,PROD-003,"Smart TV 43""",Electronics,STR-KUM-02,Kumasi,Abena Boateng,1,0.05,3200,160,3040,2500,540
TXN-1648,2026-02-14,PROD-006,Area Rug,Home Decor,STR-TAM-03,Tamale,Baba Iddrisu,2,0,1500,0,1500,900,600
TXN-1649,2025-03-31,PROD-005,Organic Tomatoes,Fresh Produce,STR-ACC-01,Accra,Kwame Mensah,5,0.25,125,31.25,93.75,75,18.75
TXN-1650,2026-02-22,PROD-005,Organic Tomatoes,Fresh Produce,STR-KUM-02,Kumasi,Abena Boateng,4,0.15,100,15,85,60,25
TXN-1651,2025-04-25,PROD-001,Basmati Rice 5kg,Groceries,STR-TAM-03,Tamale,Baba Iddrisu,4,0.1,440,44,396,340,56
TXN-1652,2025-04-15,PROD-001,Basmati Rice 5kg,Groceries,STR-ACC-01,Accra,Kwame Mensah,9,0.1,990,99,891,765,126
TXN-1653,2026-01-26,PROD-004,Electric Kettle,Electronics,STR-KUM-02,Kumasi,Abena Boateng,11,0.25,2420,605,1815,1650,165
TXN-1654,2025-07-15,PROD-006,Area Rug,Home Decor,STR-KUM-02,Kumasi,Abena Boateng,8,0,6000,0,6000,3600,2400
TXN-1655,2025-11-10,PROD-005,Organic Tomatoes,Fresh Produce,STR-TAM-03,Tamale,Baba Iddrisu,6,0.25,150,37.5,112.5,90,22.5
TXN-1656,2025-04-24,PROD-002,Cooking Oil 5L,Groceries,STR-KUM-02,Kumasi,Abena Boateng,1,0.15,160,24,136,120,16
TXN-1657,2025-03-16,PROD-003,"Smart TV 43""",Electronics,STR-ACC-01,Accra,Kwame Mensah,2,0.1,6400,640,5760,5000,760
TXN-1658,2026-02-17,PROD-001,Basmati Rice 5kg,Groceries,STR-KUM-02,Kumasi,Abena Boateng,6,0.05,660,33,627,510,117
TXN-1659,2026-01-11,PROD-003,"Smart TV 43""",Electronics,STR-ACC-01,Accra,Kwame Mensah,11,0,35200,0,35200,27500,7700
TXN-1660,2026-02-24,PROD-003,"Smart TV 43""",Electronics,STR-KUM-02,Kumasi,Abena Boateng,2,0.05,6400,320,6080,5000,1080
TXN-1661,2025-08-05,PROD-004,Electric Kettle,Electronics,STR-TAM-03,Tamale,Baba Iddrisu,10,0.15,2200,330,1870,1500,370
TXN-1662,2025-10-04,PROD-005,Organic Tomatoes,Fresh Produce,STR-ACC-01,Accra,Kwame Mensah,5,0,125,0,125,75,50
TXN-1663,2025-09-06,PROD-001,Basmati Rice 5kg,Groceries,STR-KUM-02,Kumasi,Abena Boateng,5,0.15,550,82.5,467.5,425,42.5
TXN-1664,2025-06-13,PROD-003,"Smart TV 43""",Electronics,STR-KUM-02,Kumasi,Abena Boateng,6,0,19200,0,19200,15000,4200
TXN-1665,2026-01-29,PROD-001,Basmati Rice 5kg,Groceries,STR-KUM-02,Kumasi,Abena Boateng,6,0,660,0,660,510,150
TXN-1666,2025-12-23,PROD-002,Cooking Oil 5L,Groceries,STR-ACC-01,Accra,Kwame Mensah,6,0,960,0,960,720,240
TXN-1667,2026-02-12,PROD-004,Electric Kettle,Electronics,STR-ACC-01,Accra,Kwame Mensah,2,0,440,0,440,300,140
TXN-1668,2025-07-11,PROD-002,Cooking Oil 5L,Groceries,STR-ACC-01,Accra,Kwame Mensah,10,0.05,1600,80,1520,1200,320
TXN-1669,2025-08-15,PROD-001,Basmati Rice 5kg,Groceries,STR-TAM-03,Tamale,Baba Iddrisu,3,0,330,0,330,255,75
TXN-1670,2025-06-26,PROD-001,Basmati Rice 5kg,Groceries,STR-TAM-03,Tamale,Baba Iddrisu,6,0.4,660,264,396,510,-114
TXN-1671,2025-04-09,PROD-005,Organic Tomatoes,Fresh Produce,STR-ACC-01,Accra,Kwame Mensah,8,0.05,200,10,190,120,70
TXN-1672,2025-02-05,PROD-003,"Smart TV 43""",Electronics,STR-KUM-02,Kumasi,Abena Boateng,11,0,35200,0,35200,27500,7700
TXN-1673,2025-04-06,PROD-003,"Smart TV 43""",Electronics,STR-TAM-03,Tamale,Baba Iddrisu,1,0.1,3200,320,2880,2500,380
TXN-1674,2025-06-01,PROD-002,Cooking Oil 5L,Groceries,STR-ACC-01,Accra,Kwame Mensah,1,0.25,160,40,120,120,0
TXN-1675,2025-05-31,PROD-004,Electric Kettle,Electronics,STR-KUM-02,Kumasi,Abena Boateng,11,0.1,2420,242,2178,1650,528
TXN-1676,2025-07-09,PROD-006,Area Rug,Home Decor,STR-TAM-03,Tamale,Baba Iddrisu,2,0,1500,0,1500,900,600
TXN-1677,2025-08-12,PROD-003,"Smart TV 43""",Electronics,STR-KUM-02,Kumasi,Abena Boateng,11,0.25,35200,8800,26400,27500,-1100
TXN-1678,2025-02-06,PROD-005,Organic Tomatoes,Fresh Produce,STR-KUM-02,Kumasi,Abena Boateng,6,0.15,150,22.5,127.5,90,37.5
TXN-1679,2025-09-25,PROD-002,Cooking Oil 5L,Groceries,STR-KUM-02,Kumasi,Abena Boateng,9,0,1440,0,1440,1080,360
TXN-1680,2026-01-04,PROD-002,Cooking Oil 5L,Groceries,STR-KUM-02,Kumasi,Abena Boateng,4,0,640,0,640,480,160
TXN-1681,2025-07-02,PROD-006,Area Rug,Home Decor,STR-TAM-03,Tamale,Baba Iddrisu,3,0.05,2250,112.5,2137.5,1350,787.5
TXN-1682,2025-01-13,PROD-005,Organic Tomatoes,Fresh Produce,STR-TAM-03,Tamale,Baba Iddrisu,8,0,200,0,200,120,80
TXN-1683,2025-10-06,PROD-004,Electric Kettle,Electronics,STR-TAM-03,Tamale,Baba Iddrisu,11,0.15,2420,363,2057,1650,407
TXN-1684,2025-08-05,PROD-005,Organic Tomatoes,Fresh Produce,STR-ACC-01,Accra,Kwame Mensah,10,0,250,0,250,150,100
TXN-1685,2025-12-21,PROD-004,Electric Kettle,Electronics,STR-TAM-03,Tamale,Baba Iddrisu,9,0.25,1980,495,1485,1350,135
TXN-1686,2025-12-27,PROD-005,Organic Tomatoes,Fresh Produce,STR-KUM-02,Kumasi,Abena Boateng,11,0.05,275,13.75,261.25,165,96.25
TXN-1687,2025-10-13,PROD-005,Organic Tomatoes,Fresh Produce,STR-TAM-03,Tamale,Baba Iddrisu,5,0,125,0,125,75,50
TXN-1688,2025-09-30,PROD-001,Basmati Rice 5kg,Groceries,STR-KUM-02,Kumasi,Abena Boateng,9,0,990,0,990,765,225
TXN-1689,2026-01-04,PROD-002,Cooking Oil 5L,Groceries,STR-ACC-01,Accra,Kwame Mensah,2,0.05,320,16,304,240,64
TXN-1690,2025-03-03,PROD-005,Organic Tomatoes,Fresh Produce,STR-KUM-02,Kumasi,Abena Boateng,3,0.15,75,11.25,63.75,45,18.75
TXN-1691,2025-03-25,PROD-006,Area Rug,Home Decor,STR-KUM-02,Kumasi,Abena Boateng,7,0.15,5250,787.5,4462.5,3150,1312.5
TXN-1692,2026-01-03,PROD-005,Organic Tomatoes,Fresh Produce,STR-KUM-02,Kumasi,Abena Boateng,7,0,175,0,175,105,70
TXN-1693,2025-08-05,PROD-003,"Smart TV 43""",Electronics,STR-ACC-01,Accra,Kwame Mensah,6,0,19200,0,19200,15000,4200
TXN-1694,2025-12-08,PROD-002,Cooking Oil 5L,Groceries,STR-TAM-03,Tamale,Baba Iddrisu,6,0,960,0,960,720,240
TXN-1695,2026-02-01,PROD-003,"Smart TV 43""",Electronics,STR-TAM-03,Tamale,Baba Iddrisu,2,0.1,6400,640,5760,5000,760
TXN-1696,2025-07-06,PROD-002,Cooking Oil 5L,Groceries,STR-ACC-01,Accra,Kwame Mensah,10,0,1600,0,1600,1200,400
TXN-1697,2025-01-19,PROD-003,"Smart TV 43""",Electronics,STR-KUM-02,Kumasi,Abena Boateng,6,0.05,19200,960,18240,15000,3240
TXN-1698,2025-06-26,PROD-005,Organic Tomatoes,Fresh Produce,STR-TAM-03,Tamale,Baba Iddrisu,4,0.1,100,10,90,60,30
TXN-1699,2025-04-10,PROD-005,Organic Tomatoes,Fresh Produce,STR-ACC-01,Accra,Kwame Mensah,3,0.25,75,18.75,56.25,45,11.25
TXN-1700,2026-01-31,PROD-001,Basmati Rice 5kg,Groceries,STR-TAM-03,Tamale,Baba Iddrisu,11,0,1210,0,1210,935,275
TXN-1701,2026-03-21,PROD-006,Area Rug,Home Decor,STR-ACC-01,Accra,Kwame Mensah,2,0,1500,0,1500,900,600
TXN-1702,2025-08-21,PROD-003,"Smart TV 43""",Electronics,STR-KUM-02,Kumasi,Abena Boateng,1,0.1,3200,320,2880,2500,380
TXN-1703,2026-02-07,PROD-004,Electric Kettle,Electronics,STR-TAM-03,Tamale,Baba Iddrisu,11,0.1,2420,242,2178,1650,528
TXN-1704,2025-03-17,PROD-001,Basmati Rice 5kg,Groceries,STR-ACC-01,Accra,Kwame Mensah,11,0,1210,0,1210,935,275
TXN-1705,2025-09-22,PROD-003,"Smart TV 43""",Electronics,STR-TAM-03,Tamale,Baba Iddrisu,5,0.25,16000,4000,12000,12500,-500
TXN-1706,2025-10-11,PROD-003,"Smart TV 43""",Electronics,STR-TAM-03,Tamale,Baba Iddrisu,2,0.15,6400,960,5440,5000,440
TXN-1707,2025-07-25,PROD-001,Basmati Rice 5kg,Groceries,STR-TAM-03,Tamale,Baba Iddrisu,2,0,220,0,220,170,50
TXN-1708,2025-08-11,PROD-005,Organic Tomatoes,Fresh Produce,STR-TAM-03,Tamale,Baba Iddrisu,7,0,175,0,175,105,70
TXN-1709,2026-01-19,PROD-003,"Smart TV 43""",Electronics,STR-ACC-01,Accra,Kwame Mensah,8,0.05,25600,1280,24320,20000,4320
TXN-1710,2025-02-21,PROD-005,Organic Tomatoes,Fresh Produce,STR-KUM-02,Kumasi,Abena Boateng,10,0.15,250,37.5,212.5,150,62.5
TXN-1711,2025-12-05,PROD-001,Basmati Rice 5kg,Groceries,STR-ACC-01,Accra,Kwame Mensah,8,0,880,0,880,680,200
TXN-1712,2026-01-02,PROD-005,Organic Tomatoes,Fresh Produce,STR-ACC-01,Accra,Kwame Mensah,4,0.1,100,10,90,60,30
TXN-1713,2025-05-24,PROD-002,Cooking Oil 5L,Groceries,STR-ACC-01,Accra,Kwame Mensah,1,0.1,160,16,144,120,24
TXN-1714,2026-01-08,PROD-004,Electric Kettle,Electronics,STR-KUM-02,Kumasi,Abena Boateng,11,0,2420,0,2420,1650,770
TXN-1715,2025-03-10,PROD-003,"Smart TV 43""",Electronics,STR-TAM-03,Tamale,Baba Iddrisu,7,0.1,22400,2240,20160,17500,2660
TXN-1716,2025-04-09,PROD-006,Area Rug,Home Decor,STR-TAM-03,Tamale,Baba Iddrisu,1,0.25,750,187.5,562.5,450,112.5
TXN-1717,2026-01-31,PROD-004,Electric Kettle,Electronics,STR-TAM-03,Tamale,Baba Iddrisu,11,0,2420,0,2420,1650,770
TXN-1718,2025-01-25,PROD-005,Organic Tomatoes,Fresh Produce,STR-KUM-02,Kumasi,Abena Boateng,4,0,100,0,100,60,40
TXN-1719,2026-03-12,PROD-003,"Smart TV 43""",Electronics,STR-TAM-03,Tamale,Baba Iddrisu,8,0.05,25600,1280,24320,20000,4320
TXN-1720,2026-01-14,PROD-005,Organic Tomatoes,Fresh Produce,STR-KUM-02,Kumasi,Abena Boateng,2,0.25,50,12.5,37.5,30,7.5
TXN-1721,2025-02-22,PROD-002,Cooking Oil 5L,Groceries,STR-TAM-03,Tamale,Baba Iddrisu,6,0.4,960,384,576,720,-144
TXN-1722,2025-05-31,PROD-001,Basmati Rice 5kg,Groceries,STR-TAM-03,Tamale,Baba Iddrisu,6,0.05,660,33,627,510,117
TXN-1723,2025-05-24,PROD-003,"Smart TV 43""",Electronics,STR-ACC-01,Accra,Kwame Mensah,9,0.15,28800,4320,24480,22500,1980
TXN-1724,2025-02-26,PROD-002,Cooking Oil 5L,Groceries,STR-KUM-02,Kumasi,Abena Boateng,5,0.05,800,40,760,600,160
TXN-1725,2025-02-08,PROD-002,Cooking Oil 5L,Groceries,STR-ACC-01,Accra,Kwame Mensah,10,0.05,1600,80,1520,1200,320
TXN-1726,2025-04-19,PROD-003,"Smart TV 43""",Electronics,STR-ACC-01,Accra,Kwame Mensah,4,0,12800,0,12800,10000,2800
TXN-1727,2025-06-30,PROD-005,Organic Tomatoes,Fresh Produce,STR-ACC-01,Accra,Kwame Mensah,5,0,125,0,125,75,50
TXN-1728,2025-02-11,PROD-006,Area Rug,Home Decor,STR-KUM-02,Kumasi,Abena Boateng,10,0,7500,0,7500,4500,3000
TXN-1729,2025-07-05,PROD-002,Cooking Oil 5L,Groceries,STR-KUM-02,Kumasi,Abena Boateng,11,0.05,1760,88,1672,1320,352
TXN-1730,2026-02-27,PROD-004,Electric Kettle,Electronics,STR-TAM-03,Tamale,Baba Iddrisu,5,0,1100,0,1100,750,350
TXN-1731,2026-02-02,PROD-002,Cooking Oil 5L,Groceries,STR-ACC-01,Accra,Kwame Mensah,8,0.25,1280,320,960,960,0
TXN-1732,2025-08-11,PROD-006,Area Rug,Home Decor,STR-TAM-03,Tamale,Baba Iddrisu,10,0,7500,0,7500,4500,3000
TXN-1733,2025-05-02,PROD-005,Organic Tomatoes,Fresh Produce,STR-ACC-01,Accra,Kwame Mensah,8,0,200,0,200,120,80
TXN-1734,2025-05-13,PROD-005,Organic Tomatoes,Fresh Produce,STR-KUM-02,Kumasi,Abena Boateng,2,0.05,50,2.5,47.5,30,17.5
TXN-1735,2025-06-12,PROD-004,Electric Kettle,Electronics,STR-KUM-02,Kumasi,Abena Boateng,7,0.1,1540,154,1386,1050,336
TXN-1736,2025-08-03,PROD-002,Cooking Oil 5L,Groceries,STR-KUM-02,Kumasi,Abena Boateng,8,0,1280,0,1280,960,320
TXN-1737,2025-08-09,PROD-005,Organic Tomatoes,Fresh Produce,STR-ACC-01,Accra,Kwame Mensah,11,0,275,0,275,165,110
TXN-1738,2025-08-23,PROD-006,Area Rug,Home Decor,STR-KUM-02,Kumasi,Abena Boateng,6,0.4,4500,1800,2700,2700,0
TXN-1739,2025-11-27,PROD-003,"Smart TV 43""",Electronics,STR-ACC-01,Accra,Kwame Mensah,5,0,16000,0,16000,12500,3500
TXN-1740,2025-05-26,PROD-001,Basmati Rice 5kg,Groceries,STR-TAM-03,Tamale,Baba Iddrisu,11,0,1210,0,1210,935,275
TXN-1741,2025-08-27,PROD-001,Basmati Rice 5kg,Groceries,STR-ACC-01,Accra,Kwame Mensah,9,0.15,990,148.5,841.5,765,76.5
TXN-1742,2025-03-17,PROD-001,Basmati Rice 5kg,Groceries,STR-TAM-03,Tamale,Baba Iddrisu,3,0,330,0,330,255,75
TXN-1743,2025-01-09,PROD-002,Cooking Oil 5L,Groceries,STR-ACC-01,Accra,Kwame Mensah,10,0.05,1600,80,1520,1200,320
TXN-1744,2025-03-15,PROD-004,Electric Kettle,Electronics,STR-TAM-03,Tamale,Baba Iddrisu,4,0,880,0,880,600,280
TXN-1745,2026-03-18,PROD-005,Organic Tomatoes,Fresh Produce,STR-KUM-02,Kumasi,Abena Boateng,9,0,225,0,225,135,90
TXN-1746,2026-02-05,PROD-003,"Smart TV 43""",Electronics,STR-TAM-03,Tamale,Baba Iddrisu,6,0,19200,0,19200,15000,4200
TXN-1747,2025-09-10,PROD-006,Area Rug,Home Decor,STR-KUM-02,Kumasi,Abena Boateng,8,0,6000,0,6000,3600,2400
TXN-1748,2025-08-18,PROD-003,"Smart TV 43""",Electronics,STR-KUM-02,Kumasi,Abena Boateng,7,0,22400,0,22400,17500,4900
TXN-1749,2025-01-07,PROD-006,Area Rug,Home Decor,STR-TAM-03,Tamale,Baba Iddrisu,11,0,8250,0,8250,4950,3300
TXN-1750,2025-06-23,PROD-002,Cooking Oil 5L,Groceries,STR-ACC-01,Accra,Kwame Mensah,2,0.15,320,48,272,240,32
TXN-1751,2025-05-21,PROD-001,Basmati Rice 5kg,Groceries,STR-ACC-01,Accra,Kwame Mensah,3,0,330,0,330,255,75
TXN-1752,2025-06-17,PROD-002,Cooking Oil 5L,Groceries,STR-ACC-01,Accra,Kwame Mensah,1,0.05,160,8,152,120,32
TXN-1753,2025-06-19,PROD-004,Electric Kettle,Electronics,STR-ACC-01,Accra,Kwame Mensah,9,0.25,1980,495,1485,1350,135
TXN-1754,2026-01-28,PROD-004,Electric Kettle,Electronics,STR-ACC-01,Accra,Kwame Mensah,7,0.1,1540,154,1386,1050,336
TXN-1755,2026-03-10,PROD-006,Area Rug,Home Decor,STR-KUM-02,Kumasi,Abena Boateng,1,0,750,0,750,450,300
TXN-1756,2025-10-10,PROD-005,Organic Tomatoes,Fresh Produce,STR-ACC-01,Accra,Kwame Mensah,3,0.25,75,18.75,56.25,45,11.25
TXN-1757,2025-05-02,PROD-005,Organic Tomatoes,Fresh Produce,STR-KUM-02,Kumasi,Abena Boateng,4,0,100,0,100,60,40
TXN-1758,2025-07-13,PROD-006,Area Rug,Home Decor,STR-KUM-02,Kumasi,Abena Boateng,4,0,3000,0,3000,1800,1200
TXN-1759,2025-01-05,PROD-004,Electric Kettle,Electronics,STR-KUM-02,Kumasi,Abena Boateng,5,0.15,1100,165,935,750,185
TXN-1760,2025-01-29,PROD-004,Electric Kettle,Electronics,STR-TAM-03,Tamale,Baba Iddrisu,3,0.05,660,33,627,450,177
TXN-1761,2025-06-14,PROD-004,Electric Kettle,Electronics,STR-TAM-03,Tamale,Baba Iddrisu,3,0.05,660,33,627,450,177
TXN-1762,2026-02-26,PROD-002,Cooking Oil 5L,Groceries,STR-KUM-02,Kumasi,Abena Boateng,1,0,160,0,160,120,40
TXN-1763,2025-12-05,PROD-004,Electric Kettle,Electronics,STR-TAM-03,Tamale,Baba Iddrisu,7,0.05,1540,77,1463,1050,413
TXN-1764,2025-05-16,PROD-003,"Smart TV 43""",Electronics,STR-ACC-01,Accra,Kwame Mensah,11,0,35200,0,35200,27500,7700
TXN-1765,2025-12-31,PROD-001,Basmati Rice 5kg,Groceries,STR-ACC-01,Accra,Kwame Mensah,10,0.25,1100,275,825,850,-25
TXN-1766,2025-11-17,PROD-004,Electric Kettle,Electronics,STR-KUM-02,Kumasi,Abena Boateng,1,0,220,0,220,150,70
TXN-1767,2025-12-08,PROD-006,Area Rug,Home Decor,STR-ACC-01,Accra,Kwame Mensah,2,0.25,1500,375,1125,900,225
TXN-1768,2025-05-25,PROD-001,Basmati Rice 5kg,Groceries,STR-KUM-02,Kumasi,Abena Boateng,4,0.05,440,22,418,340,78
TXN-1769,2025-11-23,PROD-002,Cooking Oil 5L,Groceries,STR-KUM-02,Kumasi,Abena Boateng,4,0.15,640,96,544,480,64
TXN-1770,2025-08-05,PROD-006,Area Rug,Home Decor,STR-ACC-01,Accra,Kwame Mensah,5,0.1,3750,375,3375,2250,1125
TXN-1771,2025-10-28,PROD-001,Basmati Rice 5kg,Groceries,STR-TAM-03,Tamale,Baba Iddrisu,11,0.1,1210,121,1089,935,154
TXN-1772,2025-05-12,PROD-006,Area Rug,Home Decor,STR-ACC-01,Accra,Kwame Mensah,2,0,1500,0,1500,900,600
TXN-1773,2025-10-19,PROD-002,Cooking Oil 5L,Groceries,STR-ACC-01,Accra,Kwame Mensah,4,0,640,0,640,480,160
TXN-1774,2025-03-11,PROD-003,"Smart TV 43""",Electronics,STR-KUM-02,Kumasi,Abena Boateng,1,0,3200,0,3200,2500,700
TXN-1775,2025-09-09,PROD-002,Cooking Oil 5L,Groceries,STR-KUM-02,Kumasi,Abena Boateng,2,0.25,320,80,240,240,0
TXN-1776,2026-02-19,PROD-002,Cooking Oil 5L,Groceries,STR-KUM-02,Kumasi,Abena Boateng,1,0.15,160,24,136,120,16
TXN-1777,2025-10-02,PROD-006,Area Rug,Home Decor,STR-KUM-02,Kumasi,Abena Boateng,10,0.05,7500,375,7125,4500,2625
TXN-1778,2026-03-21,PROD-005,Organic Tomatoes,Fresh Produce,STR-TAM-03,Tamale,Baba Iddrisu,10,0,250,0,250,150,100
TXN-1779,2025-12-30,PROD-004,Electric Kettle,Electronics,STR-TAM-03,Tamale,Baba Iddrisu,4,0,880,0,880,600,280
TXN-1780,2025-07-01,PROD-004,Electric Kettle,Electronics,STR-TAM-03,Tamale,Baba Iddrisu,4,0.1,880,88,792,600,192
TXN-1781,2025-06-16,PROD-003,"Smart TV 43""",Electronics,STR-KUM-02,Kumasi,Abena Boateng,7,0.05,22400,1120,21280,17500,3780
TXN-1782,2025-04-01,PROD-003,"Smart TV 43""",Electronics,STR-KUM-02,Kumasi,Abena Boateng,10,0.15,32000,4800,27200,25000,2200
TXN-1783,2025-07-21,PROD-004,Electric Kettle,Electronics,STR-KUM-02,Kumasi,Abena Boateng,11,0.4,2420,968,1452,1650,-198
TXN-1784,2025-12-12,PROD-005,Organic Tomatoes,Fresh Produce,STR-TAM-03,Tamale,Baba Iddrisu,11,0,275,0,275,165,110
TXN-1785,2025-01-19,PROD-004,Electric Kettle,Electronics,STR-KUM-02,Kumasi,Abena Boateng,9,0.05,1980,99,1881,1350,531
TXN-1786,2025-02-08,PROD-005,Organic Tomatoes,Fresh Produce,STR-ACC-01,Accra,Kwame Mensah,9,0.05,225,11.25,213.75,135,78.75
TXN-1787,2025-05-06,PROD-003,"Smart TV 43""",Electronics,STR-ACC-01,Accra,Kwame Mensah,5,0,16000,0,16000,12500,3500
TXN-1788,2025-06-22,PROD-001,Basmati Rice 5kg,Groceries,STR-KUM-02,Kumasi,Abena Boateng,10,0,1100,0,1100,850,250
TXN-1789,2025-05-21,PROD-006,Area Rug,Home Decor,STR-ACC-01,Accra,Kwame Mensah,1,0,750,0,750,450,300
TXN-1790,2025-08-30,PROD-003,"Smart TV 43""",Electronics,STR-ACC-01,Accra,Kwame Mensah,1,0.25,3200,800,2400,2500,-100
TXN-1791,2025-08-08,PROD-003,"Smart TV 43""",Electronics,STR-TAM-03,Tamale,Baba Iddrisu,6,0.05,19200,960,18240,15000,3240
TXN-1792,2025-05-06,PROD-002,Cooking Oil 5L,Groceries,STR-KUM-02,Kumasi,Abena Boateng,2,0.05,320,16,304,240,64
TXN-1793,2025-02-27,PROD-002,Cooking Oil 5L,Groceries,STR-KUM-02,Kumasi,Abena Boateng,8,0.25,1280,320,960,960,0
TXN-1794,2025-05-28,PROD-002,Cooking Oil 5L,Groceries,STR-TAM-03,Tamale,Baba Iddrisu,9,0.15,1440,216,1224,1080,144
TXN-1795,2025-11-13,PROD-006,Area Rug,Home Decor,STR-ACC-01,Accra,Kwame Mensah,4,0,3000,0,3000,1800,1200
TXN-1796,2026-01-18,PROD-002,Cooking Oil 5L,Groceries,STR-ACC-01,Accra,Kwame Mensah,5,0.05,800,40,760,600,160
TXN-1797,2025-12-27,PROD-005,Organic Tomatoes,Fresh Produce,STR-KUM-02,Kumasi,Abena Boateng,11,0.05,275,13.75,261.25,165,96.25
TXN-1798,2026-02-27,PROD-004,Electric Kettle,Electronics,STR-ACC-01,Accra,Kwame Mensah,8,0.15,1760,264,1496,1200,296
TXN-1799,2025-01-01,PROD-001,Basmati Rice 5kg,Groceries,STR-TAM-03,Tamale,Baba Iddrisu,3,0.1,330,33,297,255,42
TXN-1800,2026-01-22,PROD-003,"Smart TV 43""",Electronics,STR-TAM-03,Tamale,Baba Iddrisu,5,0.1,16000,1600,14400,12500,1900
TXN-1801,2025-12-14,PROD-005,Organic Tomatoes,Fresh Produce,STR-KUM-02,Kumasi,Abena Boateng,3,0,75,0,75,45,30
TXN-1802,2025-07-09,PROD-001,Basmati Rice 5kg,Groceries,STR-TAM-03,Tamale,Baba Iddrisu,10,0.15,1100,165,935,850,85
TXN-1803,2025-07-10,PROD-005,Organic Tomatoes,Fresh Produce,STR-TAM-03,Tamale,Baba Iddrisu,3,0,75,0,75,45,30
TXN-1804,2026-01-04,PROD-005,Organic Tomatoes,Fresh Produce,STR-KUM-02,Kumasi,Abena Boateng,3,0,75,0,75,45,30
TXN-1805,2026-02-13,PROD-003,"Smart TV 43""",Electronics,STR-TAM-03,Tamale,Baba Iddrisu,7,0,22400,0,22400,17500,4900
TXN-1806,2025-11-08,PROD-004,Electric Kettle,Electronics,STR-TAM-03,Tamale,Baba Iddrisu,7,0,1540,0,1540,1050,490
TXN-1807,2026-02-21,PROD-002,Cooking Oil 5L,Groceries,STR-TAM-03,Tamale,Baba Iddrisu,7,0,1120,0,1120,840,280
TXN-1808,2026-02-26,PROD-006,Area Rug,Home Decor,STR-ACC-01,Accra,Kwame Mensah,10,0.15,7500,1125,6375,4500,1875
TXN-1809,2025-04-27,PROD-004,Electric Kettle,Electronics,STR-KUM-02,Kumasi,Abena Boateng,8,0.25,1760,440,1320,1200,120
TXN-1810,2025-05-14,PROD-006,Area Rug,Home Decor,STR-KUM-02,Kumasi,Abena Boateng,5,0,3750,0,3750,2250,1500
TXN-1811,2025-02-27,PROD-003,"Smart TV 43""",Electronics,STR-KUM-02,Kumasi,Abena Boateng,5,0,16000,0,16000,12500,3500
TXN-1812,2025-02-13,PROD-003,"Smart TV 43""",Electronics,STR-ACC-01,Accra,Kwame Mensah,4,0,12800,0,12800,10000,2800
TXN-1813,2025-06-22,PROD-003,"Smart TV 43""",Electronics,STR-ACC-01,Accra,Kwame Mensah,7,0,22400,0,22400,17500,4900
TXN-1814,2025-06-09,PROD-001,Basmati Rice 5kg,Groceries,STR-KUM-02,Kumasi,Abena Boateng,10,0,1100,0,1100,850,250
TXN-1815,2025-06-22,PROD-006,Area Rug,Home Decor,STR-ACC-01,Accra,Kwame Mensah,4,0.25,3000,750,2250,1800,450
TXN-1816,2025-11-13,PROD-004,Electric Kettle,Electronics,STR-KUM-02,Kumasi,Abena Boateng,2,0,440,0,440,300,140
TXN-1817,2025-10-30,PROD-004,Electric Kettle,Electronics,STR-ACC-01,Accra,Kwame Mensah,4,0.05,880,44,836,600,236
TXN-1818,2025-05-29,PROD-005,Organic Tomatoes,Fresh Produce,STR-TAM-03,Tamale,Baba Iddrisu,8,0,200,0,200,120,80
TXN-1819,2025-03-21,PROD-005,Organic Tomatoes,Fresh Produce,STR-TAM-03,Tamale,Baba Iddrisu,9,0.25,225,56.25,168.75,135,33.75
TXN-1820,2026-01-09,PROD-005,Organic Tomatoes,Fresh Produce,STR-KUM-02,Kumasi,Abena Boateng,3,0.1,75,7.5,67.5,45,22.5
TXN-1821,2025-08-01,PROD-003,"Smart TV 43""",Electronics,STR-ACC-01,Accra,Kwame Mensah,7,0.25,22400,5600,16800,17500,-700
TXN-1822,2025-07-22,PROD-004,Electric Kettle,Electronics,STR-ACC-01,Accra,Kwame Mensah,9,0.15,1980,297,1683,1350,333
TXN-1823,2025-09-09,PROD-006,Area Rug,Home Decor,STR-TAM-03,Tamale,Baba Iddrisu,11,0,8250,0,8250,4950,3300
TXN-1824,2025-08-17,PROD-003,"Smart TV 43""",Electronics,STR-TAM-03,Tamale,Baba Iddrisu,4,0,12800,0,12800,10000,2800
TXN-1825,2025-06-13,PROD-001,Basmati Rice 5kg,Groceries,STR-ACC-01,Accra,Kwame Mensah,10,0.1,1100,110,990,850,140
TXN-1826,2025-08-15,PROD-005,Organic Tomatoes,Fresh Produce,STR-ACC-01,Accra,Kwame Mensah,3,0,75,0,75,45,30
TXN-1827,2025-05-27,PROD-003,"Smart TV 43""",Electronics,STR-ACC-01,Accra,Kwame Mensah,5,0.05,16000,800,15200,12500,2700
TXN-1828,2025-01-20,PROD-003,"Smart TV 43""",Electronics,STR-ACC-01,Accra,Kwame Mensah,1,0,3200,0,3200,2500,700
TXN-1829,2026-03-17,PROD-001,Basmati Rice 5kg,Groceries,STR-ACC-01,Accra,Kwame Mensah,3,0,330,0,330,255,75
TXN-1830,2026-02-06,PROD-002,Cooking Oil 5L,Groceries,STR-ACC-01,Accra,Kwame Mensah,8,0.05,1280,64,1216,960,256
TXN-1831,2025-02-16,PROD-004,Electric Kettle,Electronics,STR-KUM-02,Kumasi,Abena Boateng,11,0.05,2420,121,2299,1650,649
TXN-1832,2025-08-21,PROD-006,Area Rug,Home Decor,STR-ACC-01,Accra,Kwame Mensah,8,0.15,6000,900,5100,3600,1500
TXN-1833,2025-11-01,PROD-002,Cooking Oil 5L,Groceries,STR-TAM-03,Tamale,Baba Iddrisu,4,0,640,0,640,480,160
TXN-1834,2025-01-14,PROD-005,Organic Tomatoes,Fresh Produce,STR-KUM-02,Kumasi,Abena Boateng,2,0.05,50,2.5,47.5,30,17.5
TXN-1835,2025-05-23,PROD-003,"Smart TV 43""",Electronics,STR-ACC-01,Accra,Kwame Mensah,8,0,25600,0,25600,20000,5600
TXN-1836,2026-02-19,PROD-001,Basmati Rice 5kg,Groceries,STR-TAM-03,Tamale,Baba Iddrisu,8,0,880,0,880,680,200
TXN-1837,2025-01-01,PROD-001,Basmati Rice 5kg,Groceries,STR-KUM-02,Kumasi,Abena Boateng,10,0.05,1100,55,1045,850,195
TXN-1838,2026-01-08,PROD-004,Electric Kettle,Electronics,STR-TAM-03,Tamale,Baba Iddrisu,4,0,880,0,880,600,280
TXN-1839,2025-02-23,PROD-002,Cooking Oil 5L,Groceries,STR-ACC-01,Accra,Kwame Mensah,3,0,480,0,480,360,120
TXN-1840,2026-01-09,PROD-004,Electric Kettle,Electronics,STR-ACC-01,Accra,Kwame Mensah,2,0,440,0,440,300,140
TXN-1841,2025-09-16,PROD-003,"Smart TV 43""",Electronics,STR-ACC-01,Accra,Kwame Mensah,9,0,28800,0,28800,22500,6300
TXN-1842,2025-05-24,PROD-004,Electric Kettle,Electronics,STR-ACC-01,Accra,Kwame Mensah,1,0,220,0,220,150,70
TXN-1843,2026-03-17,PROD-006,Area Rug,Home Decor,STR-KUM-02,Kumasi,Abena Boateng,7,0,5250,0,5250,3150,2100
TXN-1844,2025-01-12,PROD-001,Basmati Rice 5kg,Groceries,STR-KUM-02,Kumasi,Abena Boateng,5,0,550,0,550,425,125
TXN-1845,2025-11-26,PROD-001,Basmati Rice 5kg,Groceries,STR-TAM-03,Tamale,Baba Iddrisu,8,0,880,0,880,680,200
TXN-1846,2025-08-12,PROD-005,Organic Tomatoes,Fresh Produce,STR-ACC-01,Accra,Kwame Mensah,4,0.1,100,10,90,60,30
TXN-1847,2025-09-29,PROD-005,Organic Tomatoes,Fresh Produce,STR-TAM-03,Tamale,Baba Iddrisu,7,0,175,0,175,105,70
TXN-1848,2025-12-24,PROD-003,"Smart TV 43""",Electronics,STR-KUM-02,Kumasi,Abena Boateng,5,0,16000,0,16000,12500,3500
TXN-1849,2026-02-12,PROD-006,Area Rug,Home Decor,STR-ACC-01,Accra,Kwame Mensah,5,0,3750,0,3750,2250,1500
TXN-1850,2025-06-05,PROD-002,Cooking Oil 5L,Groceries,STR-ACC-01,Accra,Kwame Mensah,9,0.1,1440,144,1296,1080,216
TXN-1851,2026-01-08,PROD-004,Electric Kettle,Electronics,STR-KUM-02,Kumasi,Abena Boateng,9,0.25,1980,495,1485,1350,135
TXN-1852,2025-01-08,PROD-003,"Smart TV 43""",Electronics,STR-KUM-02,Kumasi,Abena Boateng,9,0.15,28800,4320,24480,22500,1980
TXN-1853,2025-05-02,PROD-005,Organic Tomatoes,Fresh Produce,STR-KUM-02,Kumasi,Abena Boateng,6,0.1,150,15,135,90,45
TXN-1854,2025-12-14,PROD-004,Electric Kettle,Electronics,STR-KUM-02,Kumasi,Abena Boateng,6,0.05,1320,66,1254,900,354
TXN-1855,2025-06-13,PROD-005,Organic Tomatoes,Fresh Produce,STR-KUM-02,Kumasi,Abena Boateng,5,0.1,125,12.5,112.5,75,37.5
TXN-1856,2025-03-31,PROD-004,Electric Kettle,Electronics,STR-ACC-01,Accra,Kwame Mensah,9,0.05,1980,99,1881,1350,531
TXN-1857,2025-05-16,PROD-002,Cooking Oil 5L,Groceries,STR-KUM-02,Kumasi,Abena Boateng,10,0,1600,0,1600,1200,400
TXN-1858,2025-07-05,PROD-003,"Smart TV 43""",Electronics,STR-ACC-01,Accra,Kwame Mensah,8,0,25600,0,25600,20000,5600
TXN-1859,2025-11-12,PROD-004,Electric Kettle,Electronics,STR-ACC-01,Accra,Kwame Mensah,7,0,1540,0,1540,1050,490
TXN-1860,2025-06-27,PROD-006,Area Rug,Home Decor,STR-KUM-02,Kumasi,Abena Boateng,7,0.25,5250,1312.5,3937.5,3150,787.5
TXN-1861,2025-01-28,PROD-001,Basmati Rice 5kg,Groceries,STR-KUM-02,Kumasi,Abena Boateng,6,0.05,660,33,627,510,117
TXN-1862,2025-08-08,PROD-006,Area Rug,Home Decor,STR-ACC-01,Accra,Kwame Mensah,5,0.1,3750,375,3375,2250,1125
TXN-1863,2025-12-23,PROD-006,Area Rug,Home Decor,STR-KUM-02,Kumasi,Abena Boateng,4,0,3000,0,3000,1800,1200
TXN-1864,2025-02-10,PROD-001,Basmati Rice 5kg,Groceries,STR-KUM-02,Kumasi,Abena Boateng,3,0.05,330,16.5,313.5,255,58.5
TXN-1865,2025-08-16,PROD-006,Area Rug,Home Decor,STR-KUM-02,Kumasi,Abena Boateng,3,0,2250,0,2250,1350,900
TXN-1866,2025-07-11,PROD-004,Electric Kettle,Electronics,STR-TAM-03,Tamale,Baba Iddrisu,6,0,1320,0,1320,900,420
TXN-1867,2026-02-15,PROD-004,Electric Kettle,Electronics,STR-ACC-01,Accra,Kwame Mensah,4,0.15,880,132,748,600,148
TXN-1868,2026-03-23,PROD-004,Electric Kettle,Electronics,STR-TAM-03,Tamale,Baba Iddrisu,6,0.05,1320,66,1254,900,354
TXN-1869,2025-05-25,PROD-001,Basmati Rice 5kg,Groceries,STR-KUM-02,Kumasi,Abena Boateng,3,0,330,0,330,255,75
TXN-1870,2025-07-20,PROD-006,Area Rug,Home Decor,STR-TAM-03,Tamale,Baba Iddrisu,4,0.15,3000,450,2550,1800,750
TXN-1871,2026-02-21,PROD-001,Basmati Rice 5kg,Groceries,STR-KUM-02,Kumasi,Abena Boateng,9,0,990,0,990,765,225
TXN-1872,2025-07-31,PROD-004,Electric Kettle,Electronics,STR-TAM-03,Tamale,Baba Iddrisu,5,0.4,1100,440,660,750,-90
TXN-1873,2025-08-08,PROD-006,Area Rug,Home Decor,STR-KUM-02,Kumasi,Abena Boateng,7,0,5250,0,5250,3150,2100
TXN-1874,2025-08-28,PROD-006,Area Rug,Home Decor,STR-TAM-03,Tamale,Baba Iddrisu,10,0,7500,0,7500,4500,3000
TXN-1875,2026-02-17,PROD-005,Organic Tomatoes,Fresh Produce,STR-TAM-03,Tamale,Baba Iddrisu,2,0,50,0,50,30,20
TXN-1876,2026-02-01,PROD-005,Organic Tomatoes,Fresh Produce,STR-TAM-03,Tamale,Baba Iddrisu,5,0,125,0,125,75,50
TXN-1877,2025-02-15,PROD-002,Cooking Oil 5L,Groceries,STR-ACC-01,Accra,Kwame Mensah,9,0,1440,0,1440,1080,360
TXN-1878,2025-02-04,PROD-003,"Smart TV 43""",Electronics,STR-TAM-03,Tamale,Baba Iddrisu,11,0.1,35200,3520,31680,27500,4180
TXN-1879,2025-09-10,PROD-005,Organic Tomatoes,Fresh Produce,STR-ACC-01,Accra,Kwame Mensah,3,0.25,75,18.75,56.25,45,11.25
TXN-1880,2026-01-25,PROD-001,Basmati Rice 5kg,Groceries,STR-KUM-02,Kumasi,Abena Boateng,9,0.15,990,148.5,841.5,765,76.5
TXN-1881,2025-03-23,PROD-005,Organic Tomatoes,Fresh Produce,STR-TAM-03,Tamale,Baba Iddrisu,11,0,275,0,275,165,110
TXN-1882,2026-01-06,PROD-002,Cooking Oil 5L,Groceries,STR-KUM-02,Kumasi,Abena Boateng,6,0.05,960,48,912,720,192
TXN-1883,2025-09-13,PROD-006,Area Rug,Home Decor,STR-KUM-02,Kumasi,Abena Boateng,4,0,3000,0,3000,1800,1200
TXN-1884,2025-07-16,PROD-002,Cooking Oil 5L,Groceries,STR-TAM-03,Tamale,Baba Iddrisu,7,0,1120,0,1120,840,280
TXN-1885,2025-10-30,PROD-006,Area Rug,Home Decor,STR-ACC-01,Accra,Kwame Mensah,8,0.1,6000,600,5400,3600,1800
TXN-1886,2026-02-13,PROD-006,Area Rug,Home Decor,STR-TAM-03,Tamale,Baba Iddrisu,6,0.05,4500,225,4275,2700,1575
TXN-1887,2026-03-26,PROD-003,"Smart TV 43""",Electronics,STR-KUM-02,Kumasi,Abena Boateng,5,0,16000,0,16000,12500,3500
TXN-1888,2025-01-10,PROD-005,Organic Tomatoes,Fresh Produce,STR-KUM-02,Kumasi,Abena Boateng,6,0,150,0,150,90,60
TXN-1889,2025-11-08,PROD-001,Basmati Rice 5kg,Groceries,STR-TAM-03,Tamale,Baba Iddrisu,5,0.4,550,220,330,425,-95
TXN-1890,2025-10-13,PROD-001,Basmati Rice 5kg,Groceries,STR-ACC-01,Accra,Kwame Mensah,8,0,880,0,880,680,200
TXN-1891,2025-08-30,PROD-004,Electric Kettle,Electronics,STR-ACC-01,Accra,Kwame Mensah,1,0.05,220,11,209,150,59
TXN-1892,2025-09-08,PROD-006,Area Rug,Home Decor,STR-KUM-02,Kumasi,Abena Boateng,11,0.05,8250,412.5,7837.5,4950,2887.5
TXN-1893,2025-12-31,PROD-001,Basmati Rice 5kg,Groceries,STR-KUM-02,Kumasi,Abena Boateng,7,0,770,0,770,595,175
TXN-1894,2025-01-05,PROD-003,"Smart TV 43""",Electronics,STR-ACC-01,Accra,Kwame Mensah,10,0,32000,0,32000,25000,7000
TXN-1895,2025-04-29,PROD-006,Area Rug,Home Decor,STR-TAM-03,Tamale,Baba Iddrisu,10,0,7500,0,7500,4500,3000
TXN-1896,2025-10-16,PROD-003,"Smart TV 43""",Electronics,STR-KUM-02,Kumasi,Abena Boateng,11,0.15,35200,5280,29920,27500,2420
TXN-1897,2026-01-09,PROD-001,Basmati Rice 5kg,Groceries,STR-ACC-01,Accra,Kwame Mensah,2,0.05,220,11,209,170,39
TXN-1898,2025-03-06,PROD-001,Basmati Rice 5kg,Groceries,STR-KUM-02,Kumasi,Abena Boateng,9,0.1,990,99,891,765,126
TXN-1899,2025-05-26,PROD-004,Electric Kettle,Electronics,STR-TAM-03,Tamale,Baba Iddrisu,1,0.4,220,88,132,150,-18
TXN-1900,2025-08-12,PROD-001,Basmati Rice 5kg,Groceries,STR-ACC-01,Accra,Kwame Mensah,11,0.15,1210,181.5,1028.5,935,93.5
TXN-1901,2025-08-27,PROD-006,Area Rug,Home Decor,STR-KUM-02,Kumasi,Abena Boateng,10,0.05,7500,375,7125,4500,2625
TXN-1902,2025-06-26,PROD-006,Area Rug,Home Decor,STR-TAM-03,Tamale,Baba Iddrisu,6,0.05,4500,225,4275,2700,1575
TXN-1903,2025-09-24,PROD-006,Area Rug,Home Decor,STR-KUM-02,Kumasi,Abena Boateng,9,0.1,6750,675,6075,4050,2025
TXN-1904,2025-12-07,PROD-004,Electric Kettle,Electronics,STR-TAM-03,Tamale,Baba Iddrisu,1,0.1,220,22,198,150,48
TXN-1905,2025-10-09,PROD-004,Electric Kettle,Electronics,STR-TAM-03,Tamale,Baba Iddrisu,4,0.05,880,44,836,600,236
TXN-1906,2025-03-04,PROD-001,Basmati Rice 5kg,Groceries,STR-ACC-01,Accra,Kwame Mensah,4,0.1,440,44,396,340,56
TXN-1907,2025-08-05,PROD-002,Cooking Oil 5L,Groceries,STR-TAM-03,Tamale,Baba Iddrisu,9,0,1440,0,1440,1080,360
TXN-1908,2025-12-08,PROD-002,Cooking Oil 5L,Groceries,STR-KUM-02,Kumasi,Abena Boateng,11,0.05,1760,88,1672,1320,352
TXN-1909,2025-11-11,PROD-004,Electric Kettle,Electronics,STR-TAM-03,Tamale,Baba Iddrisu,5,0,1100,0,1100,750,350
TXN-1910,2025-10-10,PROD-001,Basmati Rice 5kg,Groceries,STR-TAM-03,Tamale,Baba Iddrisu,5,0,550,0,550,425,125
TXN-1911,2025-06-26,PROD-002,Cooking Oil 5L,Groceries,STR-ACC-01,Accra,Kwame Mensah,6,0,960,0,960,720,240
TXN-1912,2026-02-21,PROD-001,Basmati Rice 5kg,Groceries,STR-TAM-03,Tamale,Baba Iddrisu,1,0.1,110,11,99,85,14
TXN-1913,2025-04-08,PROD-001,Basmati Rice 5kg,Groceries,STR-TAM-03,Tamale,Baba Iddrisu,1,0.05,110,5.5,104.5,85,19.5
TXN-1914,2025-04-15,PROD-001,Basmati Rice 5kg,Groceries,STR-KUM-02,Kumasi,Abena Boateng,9,0,990,0,990,765,225
TXN-1915,2025-04-09,PROD-005,Organic Tomatoes,Fresh Produce,STR-ACC-01,Accra,Kwame Mensah,3,0.05,75,3.75,71.25,45,26.25
TXN-1916,2026-01-20,PROD-006,Area Rug,Home Decor,STR-ACC-01,Accra,Kwame Mensah,4,0.05,3000,150,2850,1800,1050
TXN-1917,2026-02-09,PROD-001,Basmati Rice 5kg,Groceries,STR-ACC-01,Accra,Kwame Mensah,1,0,110,0,110,85,25
TXN-1918,2025-11-07,PROD-005,Organic Tomatoes,Fresh Produce,STR-TAM-03,Tamale,Baba Iddrisu,9,0.1,225,22.5,202.5,135,67.5
TXN-1919,2025-01-06,PROD-004,Electric Kettle,Electronics,STR-ACC-01,Accra,Kwame Mensah,8,0.15,1760,264,1496,1200,296
TXN-1920,2025-07-16,PROD-002,Cooking Oil 5L,Groceries,STR-TAM-03,Tamale,Baba Iddrisu,2,0.15,320,48,272,240,32
TXN-1921,2025-12-17,PROD-006,Area Rug,Home Decor,STR-TAM-03,Tamale,Baba Iddrisu,8,0.1,6000,600,5400,3600,1800
TXN-1922,2025-05-13,PROD-002,Cooking Oil 5L,Groceries,STR-KUM-02,Kumasi,Abena Boateng,7,0.05,1120,56,1064,840,224
TXN-1923,2025-12-24,PROD-006,Area Rug,Home Decor,STR-KUM-02,Kumasi,Abena Boateng,11,0,8250,0,8250,4950,3300
TXN-1924,2025-09-16,PROD-002,Cooking Oil 5L,Groceries,STR-KUM-02,Kumasi,Abena Boateng,6,0,960,0,960,720,240
TXN-1925,2026-03-13,PROD-006,Area Rug,Home Decor,STR-KUM-02,Kumasi,Abena Boateng,1,0,750,0,750,450,300
TXN-1926,2025-01-23,PROD-002,Cooking Oil 5L,Groceries,STR-KUM-02,Kumasi,Abena Boateng,7,0.4,1120,448,672,840,-168
TXN-1927,2025-02-22,PROD-002,Cooking Oil 5L,Groceries,STR-TAM-03,Tamale,Baba Iddrisu,10,0,1600,0,1600,1200,400
TXN-1928,2025-06-14,PROD-002,Cooking Oil 5L,Groceries,STR-TAM-03,Tamale,Baba Iddrisu,7,0,1120,0,1120,840,280
TXN-1929,2025-07-21,PROD-002,Cooking Oil 5L,Groceries,STR-ACC-01,Accra,Kwame Mensah,9,0.25,1440,360,1080,1080,0
TXN-1930,2025-03-24,PROD-004,Electric Kettle,Electronics,STR-TAM-03,Tamale,Baba Iddrisu,1,0.25,220,55,165,150,15
TXN-1931,2025-05-25,PROD-001,Basmati Rice 5kg,Groceries,STR-TAM-03,Tamale,Baba Iddrisu,2,0.15,220,33,187,170,17
TXN-1932,2025-03-26,PROD-003,"Smart TV 43""",Electronics,STR-KUM-02,Kumasi,Abena Boateng,11,0,35200,0,35200,27500,7700
TXN-1933,2025-03-19,PROD-005,Organic Tomatoes,Fresh Produce,STR-TAM-03,Tamale,Baba Iddrisu,9,0,225,0,225,135,90
TXN-1934,2026-01-01,PROD-003,"Smart TV 43""",Electronics,STR-KUM-02,Kumasi,Abena Boateng,9,0,28800,0,28800,22500,6300
TXN-1935,2025-01-01,PROD-003,"Smart TV 43""",Electronics,STR-ACC-01,Accra,Kwame Mensah,6,0,19200,0,19200,15000,4200
TXN-1936,2025-02-20,PROD-006,Area Rug,Home Decor,STR-ACC-01,Accra,Kwame Mensah,6,0,4500,0,4500,2700,1800
TXN-1937,2025-06-22,PROD-001,Basmati Rice 5kg,Groceries,STR-TAM-03,Tamale,Baba Iddrisu,4,0.05,440,22,418,340,78
TXN-1938,2025-07-24,PROD-006,Area Rug,Home Decor,STR-ACC-01,Accra,Kwame Mensah,4,0.25,3000,750,2250,1800,450
TXN-1939,2025-09-17,PROD-001,Basmati Rice 5kg,Groceries,STR-TAM-03,Tamale,Baba Iddrisu,5,0,550,0,550,425,125
TXN-1940,2026-03-22,PROD-001,Basmati Rice 5kg,Groceries,STR-ACC-01,Accra,Kwame Mensah,3,0.1,330,33,297,255,42
TXN-1941,2026-03-25,PROD-002,Cooking Oil 5L,Groceries,STR-KUM-02,Kumasi,Abena Boateng,1,0.1,160,16,144,120,24
TXN-1942,2026-01-04,PROD-004,Electric Kettle,Electronics,STR-KUM-02,Kumasi,Abena Boateng,1,0,220,0,220,150,70
TXN-1943,2025-10-15,PROD-002,Cooking Oil 5L,Groceries,STR-KUM-02,Kumasi,Abena Boateng,7,0.1,1120,112,1008,840,168
TXN-1944,2025-02-03,PROD-004,Electric Kettle,Electronics,STR-KUM-02,Kumasi,Abena Boateng,1,0,220,0,220,150,70
TXN-1945,2025-12-14,PROD-006,Area Rug,Home Decor,STR-TAM-03,Tamale,Baba Iddrisu,1,0,750,0,750,450,300
TXN-1946,2025-04-05,PROD-004,Electric Kettle,Electronics,STR-ACC-01,Accra,Kwame Mensah,3,0.1,660,66,594,450,144
TXN-1947,2025-03-13,PROD-006,Area Rug,Home Decor,STR-TAM-03,Tamale,Baba Iddrisu,10,0,7500,0,7500,4500,3000
TXN-1948,2025-02-08,PROD-003,"Smart TV 43""",Electronics,STR-KUM-02,Kumasi,Abena Boateng,4,0.4,12800,5120,7680,10000,-2320
TXN-1949,2025-06-03,PROD-003,"Smart TV 43""",Electronics,STR-TAM-03,Tamale,Baba Iddrisu,4,0,12800,0,12800,10000,2800
TXN-1950,2025-09-07,PROD-004,Electric Kettle,Electronics,STR-ACC-01,Accra,Kwame Mensah,2,0.05,440,22,418,300,118
TXN-1951,2025-06-11,PROD-004,Electric Kettle,Electronics,STR-TAM-03,Tamale,Baba Iddrisu,1,0.05,220,11,209,150,59
TXN-1952,2026-03-14,PROD-006,Area Rug,Home Decor,STR-ACC-01,Accra,Kwame Mensah,3,0,2250,0,2250,1350,900
TXN-1953,2025-04-28,PROD-002,Cooking Oil 5L,Groceries,STR-TAM-03,Tamale,Baba Iddrisu,11,0,1760,0,1760,1320,440
TXN-1954,2025-09-16,PROD-006,Area Rug,Home Decor,STR-ACC-01,Accra,Kwame Mensah,4,0.1,3000,300,2700,1800,900
TXN-1955,2026-01-14,PROD-002,Cooking Oil 5L,Groceries,STR-ACC-01,Accra,Kwame Mensah,3,0.15,480,72,408,360,48
TXN-1956,2025-11-02,PROD-003,"Smart TV 43""",Electronics,STR-KUM-02,Kumasi,Abena Boateng,8,0.15,25600,3840,21760,20000,1760
TXN-1957,2025-09-25,PROD-001,Basmati Rice 5kg,Groceries,STR-ACC-01,Accra,Kwame Mensah,10,0.05,1100,55,1045,850,195
TXN-1958,2026-03-25,PROD-004,Electric Kettle,Electronics,STR-KUM-02,Kumasi,Abena Boateng,1,0.15,220,33,187,150,37
TXN-1959,2025-02-23,PROD-002,Cooking Oil 5L,Groceries,STR-KUM-02,Kumasi,Abena Boateng,2,0.1,320,32,288,240,48
TXN-1960,2025-08-24,PROD-006,Area Rug,Home Decor,STR-KUM-02,Kumasi,Abena Boateng,7,0.1,5250,525,4725,3150,1575
TXN-1961,2026-01-24,PROD-003,"Smart TV 43""",Electronics,STR-TAM-03,Tamale,Baba Iddrisu,4,0.05,12800,640,12160,10000,2160
TXN-1962,2025-08-10,PROD-002,Cooking Oil 5L,Groceries,STR-TAM-03,Tamale,Baba Iddrisu,8,0.1,1280,128,1152,960,192
TXN-1963,2025-09-08,PROD-006,Area Rug,Home Decor,STR-TAM-03,Tamale,Baba Iddrisu,11,0.15,8250,1237.5,7012.5,4950,2062.5
TXN-1964,2025-11-09,PROD-004,Electric Kettle,Electronics,STR-TAM-03,Tamale,Baba Iddrisu,3,0,660,0,660,450,210
TXN-1965,2026-02-05,PROD-004,Electric Kettle,Electronics,STR-ACC-01,Accra,Kwame Mensah,6,0.15,1320,198,1122,900,222
TXN-1966,2025-04-22,PROD-005,Organic Tomatoes,Fresh Produce,STR-ACC-01,Accra,Kwame Mensah,9,0.05,225,11.25,213.75,135,78.75
TXN-1967,2025-09-12,PROD-001,Basmati Rice 5kg,Groceries,STR-TAM-03,Tamale,Baba Iddrisu,1,0,110,0,110,85,25
TXN-1968,2025-10-30,PROD-005,Organic Tomatoes,Fresh Produce,STR-ACC-01,Accra,Kwame Mensah,1,0,25,0,25,15,10
TXN-1969,2026-02-11,PROD-003,"Smart TV 43""",Electronics,STR-ACC-01,Accra,Kwame Mensah,8,0,25600,0,25600,20000,5600
TXN-1970,2025-07-26,PROD-002,Cooking Oil 5L,Groceries,STR-KUM-02,Kumasi,Abena Boateng,3,0.05,480,24,456,360,96
TXN-1971,2025-08-17,PROD-003,"Smart TV 43""",Electronics,STR-KUM-02,Kumasi,Abena Boateng,5,0.15,16000,2400,13600,12500,1100
TXN-1972,2025-12-07,PROD-006,Area Rug,Home Decor,STR-KUM-02,Kumasi,Abena Boateng,1,0,750,0,750,450,300
TXN-1973,2026-02-02,PROD-004,Electric Kettle,Electronics,STR-KUM-02,Kumasi,Abena Boateng,5,0.15,1100,165,935,750,185
TXN-1974,2025-03-07,PROD-005,Organic Tomatoes,Fresh Produce,STR-ACC-01,Accra,Kwame Mensah,11,0.25,275,68.75,206.25,165,41.25
TXN-1975,2025-03-16,PROD-005,Organic Tomatoes,Fresh Produce,STR-TAM-03,Tamale,Baba Iddrisu,6,0,150,0,150,90,60
TXN-1976,2026-03-11,PROD-005,Organic Tomatoes,Fresh Produce,STR-ACC-01,Accra,Kwame Mensah,8,0.25,200,50,150,120,30
TXN-1977,2025-04-13,PROD-003,"Smart TV 43""",Electronics,STR-ACC-01,Accra,Kwame Mensah,3,0.4,9600,3840,5760,7500,-1740
TXN-1978,2026-02-26,PROD-004,Electric Kettle,Electronics,STR-ACC-01,Accra,Kwame Mensah,3,0.1,660,66,594,450,144
TXN-1979,2025-07-11,PROD-002,Cooking Oil 5L,Groceries,STR-KUM-02,Kumasi,Abena Boateng,11,0.15,1760,264,1496,1320,176
TXN-1980,2025-09-09,PROD-006,Area Rug,Home Decor,STR-KUM-02,Kumasi,Abena Boateng,11,0.4,8250,3300,4950,4950,0
TXN-1981,2025-08-14,PROD-002,Cooking Oil 5L,Groceries,STR-KUM-02,Kumasi,Abena Boateng,10,0.1,1600,160,1440,1200,240
TXN-1982,2025-10-21,PROD-003,"Smart TV 43""",Electronics,STR-TAM-03,Tamale,Baba Iddrisu,9,0,28800,0,28800,22500,6300
TXN-1983,2025-11-02,PROD-006,Area Rug,Home Decor,STR-ACC-01,Accra,Kwame Mensah,4,0.15,3000,450,2550,1800,750
TXN-1984,2025-04-08,PROD-005,Organic Tomatoes,Fresh Produce,STR-TAM-03,Tamale,Baba Iddrisu,4,0.1,100,10,90,60,30
TXN-1985,2025-12-04,PROD-001,Basmati Rice 5kg,Groceries,STR-KUM-02,Kumasi,Abena Boateng,7,0.05,770,38.5,731.5,595,136.5
TXN-1986,2025-10-13,PROD-003,"Smart TV 43""",Electronics,STR-TAM-03,Tamale,Baba Iddrisu,2,0,6400,0,6400,5000,1400
TXN-1987,2025-12-01,PROD-003,"Smart TV 43""",Electronics,STR-ACC-01,Accra,Kwame Mensah,8,0.15,25600,3840,21760,20000,1760
TXN-1988,2025-12-13,PROD-004,Electric Kettle,Electronics,STR-ACC-01,Accra,Kwame Mensah,6,0,1320,0,1320,900,420
TXN-1989,2026-03-11,PROD-002,Cooking Oil 5L,Groceries,STR-KUM-02,Kumasi,Abena Boateng,3,0.25,480,120,360,360,0
TXN-1990,2026-03-23,PROD-003,"Smart TV 43""",Electronics,STR-KUM-02,Kumasi,Abena Boateng,9,0,28800,0,28800,22500,6300
TXN-1991,2025-11-04,PROD-003,"Smart TV 43""",Electronics,STR-TAM-03,Tamale,Baba Iddrisu,5,0,16000,0,16000,12500,3500
TXN-1992,2025-09-06,PROD-005,Organic Tomatoes,Fresh Produce,STR-KUM-02,Kumasi,Abena Boateng,8,0.05,200,10,190,120,70
TXN-1993,2025-06-15,PROD-005,Organic Tomatoes,Fresh Produce,STR-KUM-02,Kumasi,Abena Boateng,7,0,175,0,175,105,70
TXN-1994,2025-12-01,PROD-006,Area Rug,Home Decor,STR-ACC-01,Accra,Kwame Mensah,8,0.1,6000,600,5400,3600,1800
TXN-1995,2025-01-30,PROD-001,Basmati Rice 5kg,Groceries,STR-KUM-02,Kumasi,Abena Boateng,7,0.25,770,192.5,577.5,595,-17.5
TXN-1996,2025-09-04,PROD-004,Electric Kettle,Electronics,STR-KUM-02,Kumasi,Abena Boateng,3,0.15,660,99,561,450,111
TXN-1997,2025-04-16,PROD-001,Basmati Rice 5kg,Groceries,STR-ACC-01,Accra,Kwame Mensah,2,0,220,0,220,170,50
TXN-1998,2025-02-20,PROD-006,Area Rug,Home Decor,STR-ACC-01,Accra,Kwame Mensah,7,0,5250,0,5250,3150,2100
TXN-1999,2025-03-22,PROD-005,Organic Tomatoes,Fresh Produce,STR-TAM-03,Tamale,Baba Iddrisu,3,0.15,75,11.25,63.75,45,18.75
TXN-2000,2025-05-13,PROD-002,Cooking Oil 5L,Groceries,STR-KUM-02,Kumasi,Abena Boateng,3,0.25,480,120,360,360,0
TXN-2001,2025-10-12,PROD-005,Organic Tomatoes,Fresh Produce,STR-ACC-01,Accra,Kwame Mensah,2,0.05,50,2.5,47.5,30,17.5
TXN-2002,2026-01-23,PROD-004,Electric Kettle,Electronics,STR-TAM-03,Tamale,Baba Iddrisu,4,0.05,880,44,836,600,236
TXN-2003,2025-05-18,PROD-005,Organic Tomatoes,Fresh Produce,STR-TAM-03,Tamale,Baba Iddrisu,8,0,200,0,200,120,80
TXN-2004,2025-07-03,PROD-004,Electric Kettle,Electronics,STR-KUM-02,Kumasi,Abena Boateng,1,0.25,220,55,165,150,15
TXN-2005,2026-02-05,PROD-004,Electric Kettle,Electronics,STR-KUM-02,Kumasi,Abena Boateng,1,0.1,220,22,198,150,48
TXN-2006,2025-11-26,PROD-004,Electric Kettle,Electronics,STR-TAM-03,Tamale,Baba Iddrisu,5,0,1100,0,1100,750,350
TXN-2007,2025-09-30,PROD-006,Area Rug,Home Decor,STR-ACC-01,Accra,Kwame Mensah,11,0,8250,0,8250,4950,3300
TXN-2008,2025-12-06,PROD-004,Electric Kettle,Electronics,STR-TAM-03,Tamale,Baba Iddrisu,5,0.25,1100,275,825,750,75
TXN-2009,2025-03-10,PROD-004,Electric Kettle,Electronics,STR-KUM-02,Kumasi,Abena Boateng,11,0,2420,0,2420,1650,770
TXN-2010,2025-02-03,PROD-002,Cooking Oil 5L,Groceries,STR-ACC-01,Accra,Kwame Mensah,1,0,160,0,160,120,40
TXN-2011,2025-09-19,PROD-001,Basmati Rice 5kg,Groceries,STR-ACC-01,Accra,Kwame Mensah,6,0.05,660,33,627,510,117
TXN-2012,2025-02-22,PROD-003,"Smart TV 43""",Electronics,STR-TAM-03,Tamale,Baba Iddrisu,1,0,3200,0,3200,2500,700
TXN-2013,2026-03-26,PROD-001,Basmati Rice 5kg,Groceries,STR-KUM-02,Kumasi,Abena Boateng,5,0,550,0,550,425,125
TXN-2014,2025-07-24,PROD-004,Electric Kettle,Electronics,STR-TAM-03,Tamale,Baba Iddrisu,9,0.15,1980,297,1683,1350,333
TXN-2015,2025-05-06,PROD-002,Cooking Oil 5L,Groceries,STR-TAM-03,Tamale,Baba Iddrisu,5,0.25,800,200,600,600,0
TXN-2016,2025-08-23,PROD-005,Organic Tomatoes,Fresh Produce,STR-TAM-03,Tamale,Baba Iddrisu,6,0.15,150,22.5,127.5,90,37.5
TXN-2017,2025-02-12,PROD-002,Cooking Oil 5L,Groceries,STR-ACC-01,Accra,Kwame Mensah,8,0.25,1280,320,960,960,0
TXN-2018,2025-08-28,PROD-004,Electric Kettle,Electronics,STR-ACC-01,Accra,Kwame Mensah,11,0.05,2420,121,2299,1650,649
TXN-2019,2026-01-06,PROD-002,Cooking Oil 5L,Groceries,STR-KUM-02,Kumasi,Abena Boateng,1,0.15,160,24,136,120,16
TXN-2020,2025-04-21,PROD-002,Cooking Oil 5L,Groceries,STR-KUM-02,Kumasi,Abena Boateng,2,0,320,0,320,240,80
TXN-2021,2025-09-06,PROD-004,Electric Kettle,Electronics,STR-TAM-03,Tamale,Baba Iddrisu,9,0.1,1980,198,1782,1350,432
TXN-2022,2025-05-31,PROD-006,Area Rug,Home Decor,STR-TAM-03,Tamale,Baba Iddrisu,3,0.4,2250,900,1350,1350,0
TXN-2023,2025-07-02,PROD-002,Cooking Oil 5L,Groceries,STR-TAM-03,Tamale,Baba Iddrisu,6,0,960,0,960,720,240
TXN-2024,2025-12-02,PROD-003,"Smart TV 43""",Electronics,STR-KUM-02,Kumasi,Abena Boateng,5,0,16000,0,16000,12500,3500
TXN-2025,2025-04-05,PROD-003,"Smart TV 43""",Electronics,STR-ACC-01,Accra,Kwame Mensah,11,0.05,35200,1760,33440,27500,5940
TXN-2026,2026-01-09,PROD-002,Cooking Oil 5L,Groceries,STR-ACC-01,Accra,Kwame Mensah,2,0,320,0,320,240,80
TXN-2027,2026-02-04,PROD-006,Area Rug,Home Decor,STR-TAM-03,Tamale,Baba Iddrisu,7,0,5250,0,5250,3150,2100
TXN-2028,2025-01-08,PROD-005,Organic Tomatoes,Fresh Produce,STR-TAM-03,Tamale,Baba Iddrisu,4,0.15,100,15,85,60,25
TXN-2029,2026-01-23,PROD-004,Electric Kettle,Electronics,STR-TAM-03,Tamale,Baba Iddrisu,1,0.4,220,88,132,150,-18
TXN-2030,2025-12-26,PROD-003,"Smart TV 43""",Electronics,STR-TAM-03,Tamale,Baba Iddrisu,4,0.05,12800,640,12160,10000,2160
TXN-2031,2026-01-23,PROD-005,Organic Tomatoes,Fresh Produce,STR-KUM-02,Kumasi,Abena Boateng,6,0,150,0,150,90,60
TXN-2032,2025-07-03,PROD-002,Cooking Oil 5L,Groceries,STR-ACC-01,Accra,Kwame Mensah,7,0,1120,0,1120,840,280
TXN-2033,2025-10-08,PROD-005,Organic Tomatoes,Fresh Produce,STR-TAM-03,Tamale,Baba Iddrisu,7,0.25,175,43.75,131.25,105,26.25
TXN-2034,2025-07-14,PROD-001,Basmati Rice 5kg,Groceries,STR-KUM-02,Kumasi,Abena Boateng,7,0.05,770,38.5,731.5,595,136.5
TXN-2035,2025-12-18,PROD-003,"Smart TV 43""",Electronics,STR-TAM-03,Tamale,Baba Iddrisu,3,0,9600,0,9600,7500,2100
TXN-2036,2025-07-14,PROD-002,Cooking Oil 5L,Groceries,STR-TAM-03,Tamale,Baba Iddrisu,6,0.05,960,48,912,720,192
TXN-2037,2025-06-04,PROD-004,Electric Kettle,Electronics,STR-ACC-01,Accra,Kwame Mensah,8,0,1760,0,1760,1200,560
TXN-2038,2025-04-03,PROD-006,Area Rug,Home Decor,STR-TAM-03,Tamale,Baba Iddrisu,4,0.05,3000,150,2850,1800,1050
TXN-2039,2025-06-09,PROD-002,Cooking Oil 5L,Groceries,STR-ACC-01,Accra,Kwame Mensah,8,0.25,1280,320,960,960,0
TXN-2040,2026-03-10,PROD-004,Electric Kettle,Electronics,STR-ACC-01,Accra,Kwame Mensah,2,0.05,440,22,418,300,118
TXN-2041,2025-03-02,PROD-006,Area Rug,Home Decor,STR-ACC-01,Accra,Kwame Mensah,10,0.1,7500,750,6750,4500,2250
TXN-2042,2025-05-02,PROD-006,Area Rug,Home Decor,STR-KUM-02,Kumasi,Abena Boateng,9,0,6750,0,6750,4050,2700
TXN-2043,2025-02-20,PROD-002,Cooking Oil 5L,Groceries,STR-KUM-02,Kumasi,Abena Boateng,9,0.1,1440,144,1296,1080,216
TXN-2044,2026-02-07,PROD-005,Organic Tomatoes,Fresh Produce,STR-ACC-01,Accra,Kwame Mensah,8,0.1,200,20,180,120,60
TXN-2045,2025-10-04,PROD-005,Organic Tomatoes,Fresh Produce,STR-TAM-03,Tamale,Baba Iddrisu,10,0,250,0,250,150,100
TXN-2046,2025-01-05,PROD-006,Area Rug,Home Decor,STR-ACC-01,Accra,Kwame Mensah,10,0.05,7500,375,7125,4500,2625
TXN-2047,2025-04-02,PROD-005,Organic Tomatoes,Fresh Produce,STR-TAM-03,Tamale,Baba Iddrisu,1,0,25,0,25,15,10
TXN-2048,2025-06-19,PROD-001,Basmati Rice 5kg,Groceries,STR-ACC-01,Accra,Kwame Mensah,2,0.15,220,33,187,170,17
TXN-2049,2025-11-13,PROD-006,Area Rug,Home Decor,STR-TAM-03,Tamale,Baba Iddrisu,6,0.05,4500,225,4275,2700,1575
TXN-2050,2025-01-22,PROD-006,Area Rug,Home Decor,STR-KUM-02,Kumasi,Abena Boateng,10,0.4,7500,3000,4500,4500,0
TXN-2051,2026-02-09,PROD-004,Electric Kettle,Electronics,STR-TAM-03,Tamale,Baba Iddrisu,5,0,1100,0,1100,750,350
TXN-2052,2025-11-22,PROD-005,Organic Tomatoes,Fresh Produce,STR-ACC-01,Accra,Kwame Mensah,9,0.15,225,33.75,191.25,135,56.25
TXN-2053,2025-01-01,PROD-006,Area Rug,Home Decor,STR-KUM-02,Kumasi,Abena Boateng,5,0.1,3750,375,3375,2250,1125
TXN-2054,2025-05-13,PROD-001,Basmati Rice 5kg,Groceries,STR-TAM-03,Tamale,Baba Iddrisu,2,0.15,220,33,187,170,17
TXN-2055,2025-08-21,PROD-004,Electric Kettle,Electronics,STR-TAM-03,Tamale,Baba Iddrisu,10,0,2200,0,2200,1500,700
TXN-2056,2025-01-12,PROD-002,Cooking Oil 5L,Groceries,STR-TAM-03,Tamale,Baba Iddrisu,4,0.05,640,32,608,480,128
TXN-2057,2025-12-12,PROD-006,Area Rug,Home Decor,STR-TAM-03,Tamale,Baba Iddrisu,9,0.15,6750,1012.5,5737.5,4050,1687.5
TXN-2058,2025-02-15,PROD-001,Basmati Rice 5kg,Groceries,STR-TAM-03,Tamale,Baba Iddrisu,1,0,110,0,110,85,25
TXN-2059,2025-02-03,PROD-003,"Smart TV 43""",Electronics,STR-KUM-02,Kumasi,Abena Boateng,11,0,35200,0,35200,27500,7700
TXN-2060,2026-03-09,PROD-001,Basmati Rice 5kg,Groceries,STR-KUM-02,Kumasi,Abena Boateng,1,0.05,110,5.5,104.5,85,19.5
TXN-2061,2025-03-19,PROD-001,Basmati Rice 5kg,Groceries,STR-KUM-02,Kumasi,Abena Boateng,7,0.05,770,38.5,731.5,595,136.5
TXN-2062,2025-08-06,PROD-004,Electric Kettle,Electronics,STR-KUM-02,Kumasi,Abena Boateng,11,0,2420,0,2420,1650,770
TXN-2063,2025-10-28,PROD-002,Cooking Oil 5L,Groceries,STR-ACC-01,Accra,Kwame Mensah,3,0,480,0,480,360,120
TXN-2064,2026-02-15,PROD-003,"Smart TV 43""",Electronics,STR-KUM-02,Kumasi,Abena Boateng,10,0,32000,0,32000,25000,7000
TXN-2065,2025-03-14,PROD-005,Organic Tomatoes,Fresh Produce,STR-TAM-03,Tamale,Baba Iddrisu,2,0.15,50,7.5,42.5,30,12.5
TXN-2066,2025-10-09,PROD-005,Organic Tomatoes,Fresh Produce,STR-TAM-03,Tamale,Baba Iddrisu,9,0.1,225,22.5,202.5,135,67.5
TXN-2067,2025-09-06,PROD-001,Basmati Rice 5kg,Groceries,STR-KUM-02,Kumasi,Abena Boateng,3,0.15,330,49.5,280.5,255,25.5
TXN-2068,2025-02-16,PROD-004,Electric Kettle,Electronics,STR-TAM-03,Tamale,Baba Iddrisu,2,0.4,440,176,264,300,-36
TXN-2069,2025-05-01,PROD-004,Electric Kettle,Electronics,STR-KUM-02,Kumasi,Abena Boateng,8,0.05,1760,88,1672,1200,472
TXN-2070,2025-08-02,PROD-005,Organic Tomatoes,Fresh Produce,STR-TAM-03,Tamale,Baba Iddrisu,10,0,250,0,250,150,100
TXN-2071,2025-08-27,PROD-003,"Smart TV 43""",Electronics,STR-ACC-01,Accra,Kwame Mensah,6,0,19200,0,19200,15000,4200
TXN-2072,2025-02-25,PROD-002,Cooking Oil 5L,Groceries,STR-ACC-01,Accra,Kwame Mensah,6,0,960,0,960,720,240
TXN-2073,2025-12-16,PROD-003,"Smart TV 43""",Electronics,STR-KUM-02,Kumasi,Abena Boateng,10,0.25,32000,8000,24000,25000,-1000
TXN-2074,2025-04-17,PROD-006,Area Rug,Home Decor,STR-KUM-02,Kumasi,Abena Boateng,11,0.05,8250,412.5,7837.5,4950,2887.5
TXN-2075,2025-11-15,PROD-006,Area Rug,Home Decor,STR-KUM-02,Kumasi,Abena Boateng,7,0,5250,0,5250,3150,2100
TXN-2076,2025-02-17,PROD-002,Cooking Oil 5L,Groceries,STR-TAM-03,Tamale,Baba Iddrisu,7,0,1120,0,1120,840,280
TXN-2077,2025-03-02,PROD-005,Organic Tomatoes,Fresh Produce,STR-KUM-02,Kumasi,Abena Boateng,11,0.05,275,13.75,261.25,165,96.25
TXN-2078,2025-12-03,PROD-002,Cooking Oil 5L,Groceries,STR-ACC-01,Accra,Kwame Mensah,6,0.1,960,96,864,720,144
TXN-2079,2025-01-26,PROD-004,Electric Kettle,Electronics,STR-TAM-03,Tamale,Baba Iddrisu,4,0,880,0,880,600,280
TXN-2080,2025-10-19,PROD-006,Area Rug,Home Decor,STR-KUM-02,Kumasi,Abena Boateng,11,0.4,8250,3300,4950,4950,0
TXN-2081,2025-09-14,PROD-001,Basmati Rice 5kg,Groceries,STR-TAM-03,Tamale,Baba Iddrisu,9,0.05,990,49.5,940.5,765,175.5
TXN-2082,2025-01-08,PROD-001,Basmati Rice 5kg,Groceries,STR-TAM-03,Tamale,Baba Iddrisu,6,0,660,0,660,510,150
TXN-2083,2025-04-23,PROD-005,Organic Tomatoes,Fresh Produce,STR-KUM-02,Kumasi,Abena Boateng,4,0.25,100,25,75,60,15
TXN-2084,2025-12-21,PROD-004,Electric Kettle,Electronics,STR-TAM-03,Tamale,Baba Iddrisu,3,0,660,0,660,450,210
TXN-2085,2025-09-10,PROD-003,"Smart TV 43""",Electronics,STR-ACC-01,Accra,Kwame Mensah,4,0.25,12800,3200,9600,10000,-400
TXN-2086,2025-06-29,PROD-004,Electric Kettle,Electronics,STR-ACC-01,Accra,Kwame Mensah,3,0.4,660,264,396,450,-54
TXN-2087,2025-07-26,PROD-001,Basmati Rice 5kg,Groceries,STR-TAM-03,Tamale,Baba Iddrisu,2,0.1,220,22,198,170,28
TXN-2088,2025-10-30,PROD-001,Basmati Rice 5kg,Groceries,STR-KUM-02,Kumasi,Abena Boateng,5,0.15,550,82.5,467.5,425,42.5
TXN-2089,2025-05-07,PROD-006,Area Rug,Home Decor,STR-TAM-03,Tamale,Baba Iddrisu,2,0,1500,0,1500,900,600
TXN-2090,2025-02-25,PROD-004,Electric Kettle,Electronics,STR-ACC-01,Accra,Kwame Mensah,6,0.25,1320,330,990,900,90
TXN-2091,2025-08-02,PROD-004,Electric Kettle,Electronics,STR-TAM-03,Tamale,Baba Iddrisu,3,0.05,660,33,627,450,177
TXN-2092,2025-01-14,PROD-001,Basmati Rice 5kg,Groceries,STR-TAM-03,Tamale,Baba Iddrisu,6,0.1,660,66,594,510,84
TXN-2093,2025-01-28,PROD-003,"Smart TV 43""",Electronics,STR-ACC-01,Accra,Kwame Mensah,11,0.25,35200,8800,26400,27500,-1100
TXN-2094,2025-03-19,PROD-005,Organic Tomatoes,Fresh Produce,STR-TAM-03,Tamale,Baba Iddrisu,10,0.4,250,100,150,150,0
TXN-2095,2025-08-04,PROD-005,Organic Tomatoes,Fresh Produce,STR-TAM-03,Tamale,Baba Iddrisu,9,0.15,225,33.75,191.25,135,56.25
TXN-2096,2026-01-21,PROD-004,Electric Kettle,Electronics,STR-KUM-02,Kumasi,Abena Boateng,1,0,220,0,220,150,70
TXN-2097,2025-12-31,PROD-005,Organic Tomatoes,Fresh Produce,STR-KUM-02,Kumasi,Abena Boateng,6,0.4,150,60,90,90,0
TXN-2098,2025-06-03,PROD-001,Basmati Rice 5kg,Groceries,STR-ACC-01,Accra,Kwame Mensah,9,0.1,990,99,891,765,126
TXN-2099,2025-01-14,PROD-001,Basmati Rice 5kg,Groceries,STR-ACC-01,Accra,Kwame Mensah,11,0.25,1210,302.5,907.5,935,-27.5
TXN-2100,2025-07-06,PROD-004,Electric Kettle,Electronics,STR-ACC-01,Accra,Kwame Mensah,4,0.1,880,88,792,600,192
TXN-2101,2025-11-08,PROD-004,Electric Kettle,Electronics,STR-KUM-02,Kumasi,Abena Boateng,11,0,2420,0,2420,1650,770
TXN-2102,2026-01-06,PROD-006,Area Rug,Home Decor,STR-ACC-01,Accra,Kwame Mensah,2,0,1500,0,1500,900,600
TXN-2103,2025-01-07,PROD-004,Electric Kettle,Electronics,STR-ACC-01,Accra,Kwame Mensah,4,0.05,880,44,836,600,236
TXN-2104,2025-01-03,PROD-003,"Smart TV 43""",Electronics,STR-ACC-01,Accra,Kwame Mensah,1,0.15,3200,480,2720,2500,220
TXN-2105,2025-04-21,PROD-005,Organic Tomatoes,Fresh Produce,STR-KUM-02,Kumasi,Abena Boateng,3,0,75,0,75,45,30
TXN-2106,2026-02-11,PROD-004,Electric Kettle,Electronics,STR-TAM-03,Tamale,Baba Iddrisu,10,0.05,2200,110,2090,1500,590
TXN-2107,2025-08-26,PROD-002,Cooking Oil 5L,Groceries,STR-ACC-01,Accra,Kwame Mensah,9,0,1440,0,1440,1080,360
TXN-2108,2025-12-29,PROD-006,Area Rug,Home Decor,STR-TAM-03,Tamale,Baba Iddrisu,10,0.15,7500,1125,6375,4500,1875
TXN-2109,2025-08-27,PROD-002,Cooking Oil 5L,Groceries,STR-ACC-01,Accra,Kwame Mensah,5,0.05,800,40,760,600,160
TXN-2110,2025-10-01,PROD-001,Basmati Rice 5kg,Groceries,STR-TAM-03,Tamale,Baba Iddrisu,11,0,1210,0,1210,935,275
TXN-2111,2025-10-21,PROD-005,Organic Tomatoes,Fresh Produce,STR-KUM-02,Kumasi,Abena Boateng,6,0,150,0,150,90,60
TXN-2112,2025-08-15,PROD-004,Electric Kettle,Electronics,STR-KUM-02,Kumasi,Abena Boateng,3,0,660,0,660,450,210
TXN-2113,2026-01-06,PROD-002,Cooking Oil 5L,Groceries,STR-ACC-01,Accra,Kwame Mensah,5,0.05,800,40,760,600,160
TXN-2114,2025-01-15,PROD-005,Organic Tomatoes,Fresh Produce,STR-TAM-03,Tamale,Baba Iddrisu,11,0,275,0,275,165,110
TXN-2115,2025-07-11,PROD-001,Basmati Rice 5kg,Groceries,STR-KUM-02,Kumasi,Abena Boateng,8,0,880,0,880,680,200
TXN-2116,2025-04-29,PROD-003,"Smart TV 43""",Electronics,STR-ACC-01,Accra,Kwame Mensah,6,0.25,19200,4800,14400,15000,-600
TXN-2117,2025-01-28,PROD-006,Area Rug,Home Decor,STR-ACC-01,Accra,Kwame Mensah,4,0.25,3000,750,2250,1800,450
TXN-2118,2025-07-21,PROD-005,Organic Tomatoes,Fresh Produce,STR-KUM-02,Kumasi,Abena Boateng,2,0.05,50,2.5,47.5,30,17.5
TXN-2119,2025-02-08,PROD-005,Organic Tomatoes,Fresh Produce,STR-KUM-02,Kumasi,Abena Boateng,9,0.4,225,90,135,135,0
TXN-2120,2026-03-17,PROD-003,"Smart TV 43""",Electronics,STR-ACC-01,Accra,Kwame Mensah,1,0,3200,0,3200,2500,700
TXN-2121,2025-09-30,PROD-005,Organic Tomatoes,Fresh Produce,STR-TAM-03,Tamale,Baba Iddrisu,1,0.1,25,2.5,22.5,15,7.5
TXN-2122,2025-08-19,PROD-001,Basmati Rice 5kg,Groceries,STR-TAM-03,Tamale,Baba Iddrisu,4,0.1,440,44,396,340,56
TXN-2123,2025-03-27,PROD-001,Basmati Rice 5kg,Groceries,STR-TAM-03,Tamale,Baba Iddrisu,7,0.05,770,38.5,731.5,595,136.5
TXN-2124,2025-05-06,PROD-003,"Smart TV 43""",Electronics,STR-ACC-01,Accra,Kwame Mensah,1,0,3200,0,3200,2500,700
TXN-2125,2025-10-27,PROD-006,Area Rug,Home Decor,STR-KUM-02,Kumasi,Abena Boateng,9,0.05,6750,337.5,6412.5,4050,2362.5
TXN-2126,2025-01-25,PROD-004,Electric Kettle,Electronics,STR-ACC-01,Accra,Kwame Mensah,4,0.05,880,44,836,600,236
TXN-2127,2025-05-25,PROD-002,Cooking Oil 5L,Groceries,STR-KUM-02,Kumasi,Abena Boateng,3,0.1,480,48,432,360,72
TXN-2128,2025-01-13,PROD-004,Electric Kettle,Electronics,STR-TAM-03,Tamale,Baba Iddrisu,1,0,220,0,220,150,70
TXN-2129,2025-07-31,PROD-005,Organic Tomatoes,Fresh Produce,STR-TAM-03,Tamale,Baba Iddrisu,10,0,250,0,250,150,100
TXN-2130,2025-01-25,PROD-002,Cooking Oil 5L,Groceries,STR-KUM-02,Kumasi,Abena Boateng,4,0,640,0,640,480,160
TXN-2131,2025-03-09,PROD-003,"Smart TV 43""",Electronics,STR-KUM-02,Kumasi,Abena Boateng,9,0,28800,0,28800,22500,6300
TXN-2132,2026-01-29,PROD-003,"Smart TV 43""",Electronics,STR-ACC-01,Accra,Kwame Mensah,10,0.05,32000,1600,30400,25000,5400
TXN-2133,2025-03-08,PROD-006,Area Rug,Home Decor,STR-TAM-03,Tamale,Baba Iddrisu,6,0,4500,0,4500,2700,1800
TXN-2134,2025-08-21,PROD-002,Cooking Oil 5L,Groceries,STR-ACC-01,Accra,Kwame Mensah,6,0.25,960,240,720,720,0
TXN-2135,2025-04-19,PROD-001,Basmati Rice 5kg,Groceries,STR-ACC-01,Accra,Kwame Mensah,1,0,110,0,110,85,25
TXN-2136,2025-05-26,PROD-002,Cooking Oil 5L,Groceries,STR-ACC-01,Accra,Kwame Mensah,10,0,1600,0,1600,1200,400
TXN-2137,2025-04-21,PROD-005,Organic Tomatoes,Fresh Produce,STR-TAM-03,Tamale,Baba Iddrisu,2,0.1,50,5,45,30,15
TXN-2138,2025-08-16,PROD-001,Basmati Rice 5kg,Groceries,STR-ACC-01,Accra,Kwame Mensah,11,0,1210,0,1210,935,275
TXN-2139,2025-04-21,PROD-003,"Smart TV 43""",Electronics,STR-ACC-01,Accra,Kwame Mensah,6,0.1,19200,1920,17280,15000,2280
TXN-2140,2025-02-03,PROD-002,Cooking Oil 5L,Groceries,STR-ACC-01,Accra,Kwame Mensah,2,0.1,320,32,288,240,48
TXN-2141,2025-04-21,PROD-004,Electric Kettle,Electronics,STR-ACC-01,Accra,Kwame Mensah,3,0,660,0,660,450,210
TXN-2142,2025-09-21,PROD-006,Area Rug,Home Decor,STR-ACC-01,Accra,Kwame Mensah,4,0,3000,0,3000,1800,1200
TXN-2143,2026-02-28,PROD-004,Electric Kettle,Electronics,STR-ACC-01,Accra,Kwame Mensah,11,0,2420,0,2420,1650,770
TXN-2144,2026-01-04,PROD-006,Area Rug,Home Decor,STR-TAM-03,Tamale,Baba Iddrisu,5,0,3750,0,3750,2250,1500
TXN-2145,2025-08-24,PROD-005,Organic Tomatoes,Fresh Produce,STR-ACC-01,Accra,Kwame Mensah,9,0,225,0,225,135,90
TXN-2146,2025-03-24,PROD-004,Electric Kettle,Electronics,STR-KUM-02,Kumasi,Abena Boateng,4,0,880,0,880,600,280
TXN-2147,2025-02-11,PROD-002,Cooking Oil 5L,Groceries,STR-ACC-01,Accra,Kwame Mensah,11,0,1760,0,1760,1320,440
TXN-2148,2026-03-01,PROD-002,Cooking Oil 5L,Groceries,STR-ACC-01,Accra,Kwame Mensah,9,0.05,1440,72,1368,1080,288
TXN-2149,2025-04-11,PROD-004,Electric Kettle,Electronics,STR-TAM-03,Tamale,Baba Iddrisu,11,0.1,2420,242,2178,1650,528
TXN-2150,2025-01-06,PROD-002,Cooking Oil 5L,Groceries,STR-TAM-03,Tamale,Baba Iddrisu,10,0.05,1600,80,1520,1200,320
TXN-2151,2025-06-29,PROD-005,Organic Tomatoes,Fresh Produce,STR-KUM-02,Kumasi,Abena Boateng,3,0,75,0,75,45,30
TXN-2152,2025-10-09,PROD-001,Basmati Rice 5kg,Groceries,STR-KUM-02,Kumasi,Abena Boateng,8,0,880,0,880,680,200
TXN-2153,2025-11-16,PROD-005,Organic Tomatoes,Fresh Produce,STR-TAM-03,Tamale,Baba Iddrisu,1,0.25,25,6.25,18.75,15,3.75
TXN-2154,2025-08-14,PROD-006,Area Rug,Home Decor,STR-TAM-03,Tamale,Baba Iddrisu,11,0.05,8250,412.5,7837.5,4950,2887.5
TXN-2155,2026-03-19,PROD-005,Organic Tomatoes,Fresh Produce,STR-ACC-01,Accra,Kwame Mensah,9,0.25,225,56.25,168.75,135,33.75
TXN-2156,2026-03-16,PROD-006,Area Rug,Home Decor,STR-TAM-03,Tamale,Baba Iddrisu,9,0,6750,0,6750,4050,2700
TXN-2157,2025-11-11,PROD-002,Cooking Oil 5L,Groceries,STR-KUM-02,Kumasi,Abena Boateng,10,0.1,1600,160,1440,1200,240
TXN-2158,2025-12-31,PROD-001,Basmati Rice 5kg,Groceries,STR-ACC-01,Accra,Kwame Mensah,2,0.05,220,11,209,170,39
TXN-2159,2025-08-17,PROD-002,Cooking Oil 5L,Groceries,STR-KUM-02,Kumasi,Abena Boateng,4,0,640,0,640,480,160
TXN-2160,2026-01-12,PROD-003,"Smart TV 43""",Electronics,STR-ACC-01,Accra,Kwame Mensah,8,0.05,25600,1280,24320,20000,4320
TXN-2161,2025-10-16,PROD-002,Cooking Oil 5L,Groceries,STR-TAM-03,Tamale,Baba Iddrisu,7,0.05,1120,56,1064,840,224
TXN-2162,2026-03-13,PROD-006,Area Rug,Home Decor,STR-KUM-02,Kumasi,Abena Boateng,1,0,750,0,750,450,300
TXN-2163,2025-05-30,PROD-002,Cooking Oil 5L,Groceries,STR-ACC-01,Accra,Kwame Mensah,5,0,800,0,800,600,200
TXN-2164,2025-10-04,PROD-002,Cooking Oil 5L,Groceries,STR-ACC-01,Accra,Kwame Mensah,7,0.15,1120,168,952,840,112
TXN-2165,2025-07-17,PROD-001,Basmati Rice 5kg,Groceries,STR-TAM-03,Tamale,Baba Iddrisu,4,0.25,440,110,330,340,-10
TXN-2166,2025-03-11,PROD-002,Cooking Oil 5L,Groceries,STR-TAM-03,Tamale,Baba Iddrisu,1,0,160,0,160,120,40
TXN-2167,2025-04-22,PROD-001,Basmati Rice 5kg,Groceries,STR-TAM-03,Tamale,Baba Iddrisu,9,0,990,0,990,765,225
TXN-2168,2025-01-04,PROD-004,Electric Kettle,Electronics,STR-KUM-02,Kumasi,Abena Boateng,5,0,1100,0,1100,750,350
TXN-2169,2025-12-16,PROD-003,"Smart TV 43""",Electronics,STR-ACC-01,Accra,Kwame Mensah,11,0.1,35200,3520,31680,27500,4180
TXN-2170,2025-11-27,PROD-001,Basmati Rice 5kg,Groceries,STR-TAM-03,Tamale,Baba Iddrisu,2,0,220,0,220,170,50
TXN-2171,2026-03-22,PROD-006,Area Rug,Home Decor,STR-KUM-02,Kumasi,Abena Boateng,8,0.4,6000,2400,3600,3600,0
TXN-2172,2025-11-14,PROD-004,Electric Kettle,Electronics,STR-KUM-02,Kumasi,Abena Boateng,11,0,2420,0,2420,1650,770
TXN-2173,2025-12-16,PROD-001,Basmati Rice 5kg,Groceries,STR-KUM-02,Kumasi,Abena Boateng,2,0,220,0,220,170,50
TXN-2174,2025-04-05,PROD-001,Basmati Rice 5kg,Groceries,STR-TAM-03,Tamale,Baba Iddrisu,3,0.1,330,33,297,255,42
TXN-2175,2025-06-01,PROD-003,"Smart TV 43""",Electronics,STR-TAM-03,Tamale,Baba Iddrisu,10,0.15,32000,4800,27200,25000,2200
TXN-2176,2025-11-07,PROD-006,Area Rug,Home Decor,STR-ACC-01,Accra,Kwame Mensah,1,0.05,750,37.5,712.5,450,262.5
TXN-2177,2025-05-17,PROD-005,Organic Tomatoes,Fresh Produce,STR-ACC-01,Accra,Kwame Mensah,11,0.05,275,13.75,261.25,165,96.25
TXN-2178,2025-09-04,PROD-005,Organic Tomatoes,Fresh Produce,STR-TAM-03,Tamale,Baba Iddrisu,2,0.4,50,20,30,30,0
TXN-2179,2026-01-22,PROD-001,Basmati Rice 5kg,Groceries,STR-KUM-02,Kumasi,Abena Boateng,7,0,770,0,770,595,175
TXN-2180,2025-08-31,PROD-002,Cooking Oil 5L,Groceries,STR-KUM-02,Kumasi,Abena Boateng,10,0.25,1600,400,1200,1200,0
TXN-2181,2025-01-31,PROD-006,Area Rug,Home Decor,STR-KUM-02,Kumasi,Abena Boateng,2,0,1500,0,1500,900,600
TXN-2182,2025-02-09,PROD-004,Electric Kettle,Electronics,STR-ACC-01,Accra,Kwame Mensah,6,0.15,1320,198,1122,900,222
TXN-2183,2025-08-17,PROD-002,Cooking Oil 5L,Groceries,STR-KUM-02,Kumasi,Abena Boateng,3,0.1,480,48,432,360,72
TXN-2184,2025-02-05,PROD-002,Cooking Oil 5L,Groceries,STR-ACC-01,Accra,Kwame Mensah,4,0,640,0,640,480,160
TXN-2185,2026-02-12,PROD-006,Area Rug,Home Decor,STR-ACC-01,Accra,Kwame Mensah,11,0.25,8250,2062.5,6187.5,4950,1237.5
TXN-2186,2025-08-11,PROD-001,Basmati Rice 5kg,Groceries,STR-KUM-02,Kumasi,Abena Boateng,8,0,880,0,880,680,200
TXN-2187,2025-01-06,PROD-001,Basmati Rice 5kg,Groceries,STR-KUM-02,Kumasi,Abena Boateng,3,0,330,0,330,255,75
TXN-2188,2025-11-18,PROD-001,Basmati Rice 5kg,Groceries,STR-TAM-03,Tamale,Baba Iddrisu,10,0.05,1100,55,1045,850,195
TXN-2189,2025-08-08,PROD-001,Basmati Rice 5kg,Groceries,STR-TAM-03,Tamale,Baba Iddrisu,6,0,660,0,660,510,150
TXN-2190,2025-03-16,PROD-005,Organic Tomatoes,Fresh Produce,STR-KUM-02,Kumasi,Abena Boateng,1,0.1,25,2.5,22.5,15,7.5
TXN-2191,2025-01-04,PROD-001,Basmati Rice 5kg,Groceries,STR-ACC-01,Accra,Kwame Mensah,7,0,770,0,770,595,175
TXN-2192,2025-12-01,PROD-005,Organic Tomatoes,Fresh Produce,STR-ACC-01,Accra,Kwame Mensah,8,0,200,0,200,120,80
TXN-2193,2025-05-14,PROD-005,Organic Tomatoes,Fresh Produce,STR-ACC-01,Accra,Kwame Mensah,11,0,275,0,275,165,110
TXN-2194,2025-04-28,PROD-001,Basmati Rice 5kg,Groceries,STR-ACC-01,Accra,Kwame Mensah,8,0,880,0,880,680,200
TXN-2195,2026-01-04,PROD-003,"Smart TV 43""",Electronics,STR-ACC-01,Accra,Kwame Mensah,3,0.05,9600,480,9120,7500,1620
TXN-2196,2025-04-04,PROD-004,Electric Kettle,Electronics,STR-TAM-03,Tamale,Baba Iddrisu,10,0.15,2200,330,1870,1500,370
TXN-2197,2026-03-11,PROD-002,Cooking Oil 5L,Groceries,STR-KUM-02,Kumasi,Abena Boateng,1,0.25,160,40,120,120,0
TXN-2198,2025-03-03,PROD-005,Organic Tomatoes,Fresh Produce,STR-TAM-03,Tamale,Baba Iddrisu,9,0.15,225,33.75,191.25,135,56.25
TXN-2199,2026-03-17,PROD-006,Area Rug,Home Decor,STR-ACC-01,Accra,Kwame Mensah,6,0,4500,0,4500,2700,1800
